Price,Close,High,Low,Open,Volume
Ticker,AAF.L,AAF.L,AAF.L,AAF.L,AAF.L
28-06-2019,67.60900116,76.78308046,66.81125183,76.78308046,64367704
29-06-2019,,,,,
30-06-2019,,,,,
01-07-2019,70.80000305,74.16051298,67.85831583,67.85831583,16286773
02-07-2019,71.79717255,72.29576402,71.79717255,71.91683724,3565649
03-07-2019,71.89688873,72.7943549,71.82708623,72.7943549,6511595
04-07-2019,72.19606018,72.91403325,72.05645515,72.91403325,269558
05-07-2019,73.09352112,73.79154621,72.19605485,72.22596912,3240264
06-07-2019,,,,,
07-07-2019,,,,,
08-07-2019,72.71459198,73.77161127,72.29577689,73.10349279,4795152
09-07-2019,72.29576874,72.79436025,72.29576874,72.79436025,1505361
10-07-2019,71.79717255,72.74449331,71.79717255,72.34562621,3195083
11-07-2019,71.79717255,72.29576402,71.79717255,71.89688932,723072
12-07-2019,71.29858398,71.79717548,71.29858398,71.79717548,2414976
13-07-2019,,,,,
14-07-2019,,,,,
15-07-2019,71.34844208,71.89688813,71.34844208,71.74730917,258309
16-07-2019,71.49802399,71.69746517,71.29859041,71.29859041,544072
17-07-2019,70.60054779,71.59773063,70.55068561,71.34843492,1559200
18-07-2019,69.80281067,70.65041471,69.55351492,70.65041471,2009704
19-07-2019,70.25153351,70.75012497,69.70308747,70.55069143,201213
20-07-2019,,,,,
21-07-2019,,,,,
22-07-2019,70.00225067,70.50084222,69.55352132,70.05211287,825163
23-07-2019,69.30422974,69.70310452,69.10479615,69.65324232,2088489
24-07-2019,69.30422974,69.75295912,69.10479615,69.65324232,1497731
25-07-2019,69.30422974,69.40394653,68.65605916,69.30422974,824964
26-07-2019,68.30703735,70.75013273,68.30703735,70.50083697,1004050
27-07-2019,,,,,
28-07-2019,,,,,
29-07-2019,69.30422974,69.30422974,68.00788858,69.25436754,274267
30-07-2019,68.80564117,69.30423278,68.00789157,69.30423278,285799
31-07-2019,68.70591736,68.80563415,68.23724008,68.80563415,66584
01-08-2019,68.85548401,69.25435109,68.1574514,68.80562182,539334
02-08-2019,68.35690308,71.29859011,67.85831154,71.29859011,753783
03-08-2019,,,,,
04-08-2019,,,,,
05-08-2019,67.30984497,69.50364428,65.81407064,69.50364428,1779142
06-08-2019,66.81125641,67.80843934,66.31266494,67.80843934,295951
07-08-2019,66.81125641,67.55914361,66.81125641,66.81125641,507740
08-08-2019,67.30984497,67.80843641,66.86111571,67.80843641,1022027
09-08-2019,66.81125641,67.80843934,64.01914116,67.80843934,386796
10-08-2019,,,,,
11-08-2019,,,,,
12-08-2019,65.9138031,67.2599988,64.96648217,67.2599988,123280
13-08-2019,66.81125641,67.25998568,66.16308598,66.16308598,356805
14-08-2019,66.61182404,66.81125758,66.06337037,66.31266611,253223
15-08-2019,65.81408691,66.81127005,65.66450792,66.31267848,1351846
16-08-2019,65.81408691,66.86113225,63.27127068,66.86113225,907815
17-08-2019,,,,,
18-08-2019,,,,,
19-08-2019,66.81125641,69.30421374,65.61463993,69.30421374,502565
20-08-2019,67.30984497,68.35689005,65.86393283,65.86393283,1718000
21-08-2019,67.30984497,69.75294,66.81125353,67.30984497,2466880
22-08-2019,67.65887451,70.94958192,66.81127036,66.81127036,995434
23-08-2019,67.75858307,67.80844526,66.06337498,67.50928731,1004693
24-08-2019,,,,,
25-08-2019,,,,,
26-08-2019,,,,,
27-08-2019,66.51210022,67.90815788,64.66731327,64.81689224,2164463
28-08-2019,67.5591507,68.157459,66.51210546,67.80844645,712688
29-08-2019,67.5591507,67.80844645,66.61182985,66.61182985,1250859
30-08-2019,66.81125641,69.20449697,66.4622439,69.20449697,3685787
31-08-2019,,,,,
01-09-2019,,,,,
02-09-2019,67.65887451,67.8084535,65.86394942,67.8084535,263692
03-09-2019,66.81125641,69.75294301,65.86393567,67.80843934,4399338
04-09-2019,65.86393738,67.8084411,65.81407519,66.81125814,674773
05-09-2019,65.41520691,67.80844776,63.62027817,67.80844776,677085
06-09-2019,62.82253647,65.38529678,60.97774922,63.81971959,196686
07-09-2019,,,,,
08-09-2019,,,,,
09-09-2019,60.47915649,62.97211424,59.83098596,62.97211424,694140
10-09-2019,57.33801651,59.85590484,56.88928345,57.687029,1028861
11-09-2019,55.64281082,59.32241854,54.84506518,57.83661419,2098293
12-09-2019,55.34365845,56.93914978,54.89492532,55.79239157,1172569
13-09-2019,54.84506607,57.03886947,53.89774144,54.34647456,469828
14-09-2019,,,,,
15-09-2019,,,,,
16-09-2019,55.04450607,56.83943483,53.00028155,55.34366023,1749072
17-09-2019,53.9974556,54.89491793,52.90055212,53.84787664,1161008
18-09-2019,56.78957748,57.88647736,53.84788662,57.18844844,2435143
19-09-2019,59.73126602,62.52337779,58.03605408,59.48197026,2157416
20-09-2019,58.83380127,62.87239195,58.83380127,62.27408363,94490455
21-09-2019,,,,,
22-09-2019,,,,,
23-09-2019,52.85070038,59.43210683,50.4076012,59.33239005,2779776
24-09-2019,53.34928894,56.09154211,51.85351448,54.34647191,2114635
25-09-2019,49.16112518,54.35146495,48.01436692,53.59859066,3061148
26-09-2019,49.85915375,50.47142257,46.86760452,46.86760452,1232997
27-09-2019,50.35774231,50.90619221,49.8591508,49.8591508,1810066
28-09-2019,,,,,
29-09-2019,,,,,
30-09-2019,50.65689468,59.83097887,50.65689468,59.83097887,679865
01-10-2019,48.62264252,51.2053467,47.62545949,48.32348837,402768
02-10-2019,48.66253662,49.3805097,48.3234942,48.46309923,563362
03-10-2019,50.30788422,50.70675514,48.66253071,48.66253071,715561
04-10-2019,50.00873184,52.05295635,48.36337828,48.8619698,930289
05-10-2019,,,,,
06-10-2019,,,,,
07-10-2019,51.50450516,52.65126336,48.9816295,51.70393872,373098
08-10-2019,49.69960785,51.30507331,48.86197386,49.06141125,496146
09-10-2019,50.80647278,52.15266826,49.61982262,52.05295148,415135
10-10-2019,52.60140991,53.49887625,51.00591843,51.05577683,883678
11-10-2019,53.34928894,54.04731778,51.354923,51.354923,1164543
12-10-2019,,,,,
13-10-2019,,,,,
14-10-2019,55.54309464,55.54309464,48.8819118,51.454642,1940007
15-10-2019,55.84225082,58.684221,53.08005332,55.3436593,1276426
16-10-2019,56.68985367,56.98901162,53.94760034,55.89210801,1387747
17-10-2019,58.43492508,59.73126608,53.59858882,57.38788364,1913742
18-10-2019,58.28534698,62.32393737,57.58731813,58.83379687,1403207
19-10-2019,,,,,
20-10-2019,,,,,
21-10-2019,57.33801651,61.02759399,55.49322967,61.02759399,1348233
22-10-2019,56.54027939,59.78112428,52.50168882,59.58168691,875375
23-10-2019,54.84506607,56.73971533,53.19971257,56.73971533,1017669
24-10-2019,55.84225082,56.46549023,54.14703888,56.39070074,819681
25-10-2019,60.32956696,61.82534134,55.94196056,55.94196056,1452436
26-10-2019,,,,,
27-10-2019,,,,,
28-10-2019,62.42366028,64.30733909,56.34084492,58.3850695,1406444
29-10-2019,62.37379837,63.98823719,60.62872805,62.32393998,927658
30-10-2019,64.01914978,67.53222834,60.32957548,63.96929519,3281328
31-10-2019,63.32112122,66.95086677,62.17435923,66.91097853,2035445
01-11-2019,64.56759644,66.31266661,63.12168039,66.31266661,774191
02-11-2019,,,,,
03-11-2019,,,,,
04-11-2019,66.26280975,67.55915074,60.99768454,67.55915074,1006242
05-11-2019,65.36534882,66.81126113,65.06619087,66.81126113,462990
06-11-2019,66.1631012,67.26000115,65.11606344,65.11606344,229093
07-11-2019,66.41238403,66.89003857,65.81407578,65.81407578,536947
08-11-2019,65.86393738,68.60619051,64.31830075,66.41238344,701482
09-11-2019,,,,,
10-11-2019,,,,,
11-11-2019,67.21013641,67.65886573,65.6644997,66.36253238,555553
12-11-2019,70.30140686,70.30140686,65.86394522,67.80844917,1132705
13-11-2019,70.30140686,71.24872774,65.86394522,66.71154931,1408396
14-11-2019,66.44065094,71.63818455,63.94663245,68.53562495,2398012
15-11-2019,67.78743744,69.48337503,64.79461446,69.33373236,1653523
16-11-2019,,,,,
17-11-2019,,,,,
18-11-2019,69.08433533,69.57915095,65.39318977,69.48337994,1053150
19-11-2019,68.83491516,69.78263921,66.29101308,69.78263921,2050048
20-11-2019,71.07954407,71.07954407,67.93707849,68.88481031,2414252
21-11-2019,69.68289185,71.82774979,66.93947085,71.82774979,1431946
22-11-2019,70.78025818,73.6334166,69.83253398,69.8824174,1621574
23-11-2019,,,,,
24-11-2019,,,,,
25-11-2019,72.47619629,73.37404468,70.58074026,70.83014217,2544612
26-11-2019,73.42391968,74.52128654,71.62823052,71.62823052,20449066
27-11-2019,74.27186584,76.21720479,72.36843384,75.46899926,2049985
28-11-2019,77.96302795,78.32914668,73.82295529,76.21721482,2190220
29-11-2019,78.66133881,81.35488324,77.61385564,80.10787404,1708374
30-11-2019,,,,,
01-12-2019,,,,,
02-12-2019,78.31219482,80.7373786,75.81817588,75.81817588,1852522
03-12-2019,78.5615921,79.25991432,75.81817143,77.11506424,4648422
04-12-2019,77.81339264,78.81100024,75.12384341,78.81100024,1804018
05-12-2019,77.81339264,80.35729506,77.36447226,78.51171491,4652909
06-12-2019,77.81339264,79.01051871,77.31458884,77.81339264,3120341
07-12-2019,,,,,
08-12-2019,,,,,
09-12-2019,76.81578827,80.15777234,76.81578827,80.10789653,2569454
10-12-2019,79.06039429,79.06039429,75.75332299,77.36446458,3654742
11-12-2019,78.76110077,80.65655634,76.11744726,79.06038603,3989241
12-12-2019,78.06279755,79.11028861,77.31459182,78.81100327,3516703
13-12-2019,81.05560303,82.25272889,77.26469178,78.71122711,8378936
14-12-2019,,,,,
15-12-2019,,,,,
16-12-2019,80.55680847,81.80381789,77.21482475,77.21482475,3034514
17-12-2019,78.46183777,80.80621406,77.7635079,78.16255245,2344795
18-12-2019,78.71124268,79.90836877,77.51410897,77.76351087,6011177
19-12-2019,78.26230621,79.40955637,75.11984864,76.36685803,1756980
20-12-2019,77.81339264,79.25992061,75.21961441,77.81339264,37119125
21-12-2019,,,,,
22-12-2019,,,,,
23-12-2019,76.86566162,81.75393233,76.71601897,78.01290417,761278
24-12-2019,76.81578827,79.38263078,74.97021566,76.76590484,282898
25-12-2019,,,,,
26-12-2019,,,,,
27-12-2019,76.81578827,80.57976451,76.81578827,77.81339591,2974119
28-12-2019,,,,,
29-12-2019,,,,,
30-12-2019,75.66853333,77.31458735,74.87045183,76.81578356,1183607
31-12-2019,79.7587204,79.80860382,75.02008455,75.31936985,1428457
01-01-2020,,,,,
02-01-2020,78.61147308,80.45704541,76.2670894,76.2670894,1086111
03-01-2020,78.31219482,79.3098024,77.16494459,79.01051708,995180
04-01-2020,,,,,
05-01-2020,,,,,
06-01-2020,78.26230621,79.73278632,76.11745615,79.70884167,894623
07-01-2020,79.11027527,79.50931217,76.71601582,76.81577505,1073498
08-01-2020,77.56398773,78.51171187,77.01530053,78.36207682,814587
09-01-2020,77.41433716,77.81338166,72.5410226,77.81338166,763678
10-01-2020,75.46900177,78.66134242,75.46900177,76.61625181,643127
11-01-2020,,,,,
12-01-2020,,,,,
13-01-2020,74.82055664,78.54761803,73.89676967,76.81577148,962832
14-01-2020,74.67092133,75.74235692,74.67092133,74.82056398,1885496
15-01-2020,72.8253479,74.57116103,70.89198102,74.27187574,1462402
16-01-2020,68.68527222,73.74813465,66.39077962,72.27665756,4122517
17-01-2020,69.7327652,71.80878767,66.89656478,66.93946118,1588351
18-01-2020,,,,,
19-01-2020,,,,,
20-01-2020,69.83252716,73.47379617,68.7351604,73.47379617,889290
21-01-2020,70.6306076,71.5783316,69.53323337,69.83251863,945491
22-01-2020,72.72557831,73.3241412,69.08430991,69.08430991,1626068
23-01-2020,71.32892609,73.59449611,71.12940766,72.82533712,510011
24-01-2020,72.8253479,73.52367011,69.67290453,69.8824088,512962
25-01-2020,,,,,
26-01-2020,,,,,
27-01-2020,70.83014679,72.92512144,69.76170979,71.77787106,931193
28-01-2020,71.62822723,73.77307744,68.52566705,70.73037889,1021767
29-01-2020,72.42630768,73.62344132,70.8301371,70.8301371,803522
30-01-2020,73.42391968,74.77068845,71.77786557,74.1721254,940165
31-01-2020,72.8253479,76.46661682,72.12702569,76.46661682,681671
01-02-2020,,,,,
02-02-2020,,,,,
03-02-2020,72.42630768,73.67331713,70.33133331,70.33133331,1477469
04-02-2020,73.82295227,74.82055973,70.10187308,70.58072802,602479
05-02-2020,73.42391968,74.32176806,70.58073947,70.58073947,641248
06-02-2020,74.27186584,74.77066953,71.97737345,74.72079373,523501
07-02-2020,75.02008057,75.02008057,72.32654337,74.82056211,977275
08-02-2020,,,,,
09-02-2020,,,,,
10-02-2020,73.32415009,75.71840957,71.47857776,71.47857776,855607
11-02-2020,73.77307129,75.66852705,71.87762314,73.82295471,771049
12-02-2020,75.02008057,76.21721413,72.82534712,75.81816961,1102327
13-02-2020,75.26947784,78.16254092,74.07235197,78.16254092,1066938
14-02-2020,74.82055664,77.76349549,73.7730658,77.71361969,913127
15-02-2020,,,,,
16-02-2020,,,,,
17-02-2020,75.21960449,77.76349896,73.22438956,77.76349896,729046
18-02-2020,74.77068329,77.71363015,73.17451272,77.71363015,942746
19-02-2020,74.42153168,75.81818396,72.67571823,75.81818396,734623
20-02-2020,73.82295227,76.2172117,71.92749657,75.8181672,879287
21-02-2020,73.17451477,74.97021147,72.82535364,74.07236312,1424092
22-02-2020,,,,,
23-02-2020,,,,,
24-02-2020,71.47858429,74.9702108,71.47858429,71.87762884,657220
25-02-2020,69.83252716,72.57594787,68.83491963,72.57594787,1280270
26-02-2020,68.83491516,73.77306907,67.88719111,72.07713943,1183009
27-02-2020,66.34089661,69.63300429,64.8195437,68.83491528,1456885
28-02-2020,64.69483948,67.48814329,60.42009185,63.69723206,2150743
29-02-2020,,,,,
01-03-2020,,,,,
02-03-2020,63.49772263,67.68767133,61.7519094,66.59030454,783451
03-03-2020,62.79939651,66.69006371,61.55238707,66.69006371,1218325
04-03-2020,63.84688187,67.63779352,62.10106869,64.74473016,973162
05-03-2020,62.10106659,65.59269282,61.00369987,65.59269282,1058580
06-03-2020,59.85645294,63.37302107,58.85884539,60.85406049,2175889
07-03-2020,,,,,
08-03-2020,,,,,
09-03-2020,54.86841583,61.85166876,53.87080827,61.85166876,840656
10-03-2020,53.27224731,57.31255733,51.62619325,57.31255733,1163737
11-03-2020,49.88037872,55.76626493,48.76305931,55.76626493,1792021
12-03-2020,38.58745575,47.66568185,37.25864192,47.50606482,1331177
13-03-2020,35.81411362,44.87238846,34.91626527,40.32329653,2630366
14-03-2020,,,,,
15-03-2020,,,,,
16-03-2020,29.17004395,38.92664627,27.67363265,35.81411184,3380603
17-03-2020,33.140522,33.65428925,25.67841654,30.54674215,2191386
18-03-2020,27.73348999,32.7414805,27.41425587,31.96334781,5365583
19-03-2020,29.92822647,31.42463779,27.01521235,28.63133742,2185190
20-03-2020,38.16845703,38.16845703,30.90587646,31.24506312,3936685
21-03-2020,,,,,
22-03-2020,,,,,
23-03-2020,38.82688904,38.90669948,34.49428038,36.91148412,1732712
24-03-2020,47.08707428,48.00487134,38.9066921,38.9066921,1700178
25-03-2020,49.98012924,52.72354959,46.02960485,48.34405371,1552867
26-03-2020,52.52403259,52.52403259,47.44621063,51.42666214,1509058
27-03-2020,48.88276672,54.86841163,45.55075757,54.66888937,2018259
28-03-2020,,,,,
29-03-2020,,,,,
30-03-2020,38.32808304,54.86841925,38.16846597,46.56832413,2017028
31-03-2020,41.02161789,54.86841057,38.58745705,40.14372606,1324799
01-04-2020,36.01362991,39.64492448,33.91865565,39.10621551,1450560
02-04-2020,38.90669632,39.40550012,33.61937681,36.51243656,694522
03-04-2020,38.80693436,40.67844553,34.37955242,37.21076003,924728
04-04-2020,,,,,
05-04-2020,,,,,
06-04-2020,40.95178986,44.39353672,37.46016337,40.65250835,847384
07-04-2020,40.25345993,44.10422538,40.25345993,41.94939339,1341985
08-04-2020,38.50764465,41.30094846,38.50764465,38.90668914,4090611
09-04-2020,42.94700623,43.79497497,39.10621851,40.30334838,1299026
10-04-2020,,,,,
11-04-2020,,,,,
12-04-2020,,,,,
13-04-2020,,,,,
14-04-2020,44.29376984,44.99209197,40.25345684,44.39352905,1593000
15-04-2020,37.65968704,44.39353837,35.42005904,44.39353837,1397043
16-04-2020,39.35562134,39.92724856,37.06112457,38.10861181,959885
17-04-2020,41.10142899,41.89951421,39.25585286,41.20118821,1843940
18-04-2020,,,,,
19-04-2020,,,,,
20-04-2020,37.06111908,41.84963418,37.06111908,40.90190632,598735
21-04-2020,35.91386795,40.45298106,35.74527357,37.31051989,811499
22-04-2020,38.65729141,39.80454158,36.91147825,36.91147825,1095408
23-04-2020,35.76422882,40.68143724,35.4150677,39.55514052,1205931
24-04-2020,37.65968704,40.85203214,35.41506993,36.86160172,1527209
25-04-2020,,,,,
26-04-2020,,,,,
27-04-2020,39.55513763,40.75226355,37.36040044,38.90669126,516796
28-04-2020,39.25585556,41.84963747,36.21315329,41.40071331,1123977
29-04-2020,39.85441971,40.75226416,38.058727,40.40310306,722287
30-04-2020,40.10382843,40.90191379,38.40190849,40.90191379,808469
01-05-2020,41.40070724,42.59783689,36.74986278,40.90190354,656312
02-05-2020,,,,,
03-05-2020,,,,,
04-05-2020,38.70716858,41.35082986,37.16087778,40.90190575,587891
05-05-2020,38.90669632,40.90191152,37.03817619,37.06112379,329338
06-05-2020,39.45537949,40.10382594,38.00884772,38.00884772,3452930
07-05-2020,37.9589653,41.50047123,37.46016154,41.30095277,979106
08-05-2020,,,,,
09-05-2020,,,,,
10-05-2020,,,,,
11-05-2020,39.65490341,42.3025534,38.05873272,39.75466265,1601845
12-05-2020,39.9043045,42.84724772,39.4055007,40.8520325,1393320
13-05-2020,40.50286484,42.44820031,37.71255945,39.50525729,3646019
14-05-2020,39.05633163,41.45058714,37.90908159,39.3556131,2093597
15-05-2020,38.90669632,42.74748405,36.11339581,38.90669632,2961324
16-05-2020,,,,,
17-05-2020,,,,,
18-05-2020,36.26303482,40.85203207,35.61459216,40.85203207,3958069
19-05-2020,37.26063919,38.8568135,36.11139871,36.91147808,1436805
20-05-2020,37.06111908,38.75704874,36.26303006,36.31291348,1300998
21-05-2020,36.56231308,38.85680936,35.91386674,37.06111678,2008622
22-05-2020,36.61219788,37.65968504,34.31171511,35.91387183,2446708
23-05-2020,,,,,
24-05-2020,,,,,
25-05-2020,,,,,
26-05-2020,35.71435165,38.70717448,35.71435165,38.70717448,2911348
27-05-2020,34.91626358,37.95896579,34.11817832,35.91387111,3741323
28-05-2020,35.61458969,37.46016211,34.41745989,35.26542477,2786271
29-05-2020,33.91865921,36.56232094,33.4198554,35.21554836,18601024
30-05-2020,,,,,
31-05-2020,,,,,
01-06-2020,38.30813217,38.50765064,35.26343192,35.51482793,3165738
02-06-2020,44.24389648,44.24389648,37.85920999,38.75705457,4004874
03-06-2020,46.93743896,50.77823068,42.08707108,44.89234405,5001973
04-06-2020,48.38396454,48.98153047,46.83767365,46.88755326,2444440
05-06-2020,53.07272339,53.97056792,48.53360971,48.88277084,3954981
06-06-2020,,,,,
07-06-2020,,,,,
08-06-2020,55.86601639,61.35285728,51.89853043,52.57391261,3743902
09-06-2020,53.17248154,59.75669364,52.57391853,57.86123777,3094696
10-06-2020,54.76865768,56.26506905,51.56234622,51.6760719,1520113
11-06-2020,52.17486191,54.46935798,49.44241705,53.37199145,2203951
12-06-2020,56.16530991,56.76387678,49.38157865,50.67846783,2224741
13-06-2020,,,,,
14-06-2020,,,,,
15-06-2020,57.36243057,57.76147509,51.5713188,53.57152288,2245885
16-06-2020,60.85406113,61.75190945,56.86363089,58.85884601,2043675
17-06-2020,64.64496613,64.84448457,61.85166221,62.35046593,7883095
18-06-2020,63.04879379,64.8444865,62.54999005,64.64496805,2457835
19-06-2020,67.63779449,69.03443897,62.05118997,62.84927524,23987277
20-06-2020,,,,,
21-06-2020,,,,,
22-06-2020,66.83970642,68.24034676,63.04879846,64.44544676,4625668
23-06-2020,66.54042053,68.1365987,65.08791027,68.1365987,2244659
24-06-2020,63.84688187,66.34090069,62.74951511,65.24353393,1856710
25-06-2020,59.45741272,64.54521007,56.96339367,64.54521007,3320847
26-06-2020,60.65453339,62.74951136,57.56195175,57.76147401,2449746
27-06-2020,,,,,
28-06-2020,,,,,
29-06-2020,62.3504715,63.10965242,56.26207202,59.85645264,1776803
30-06-2020,62.3504715,62.84927527,60.55477868,62.84927527,1095925
01-07-2020,61.85166168,62.37839829,60.45500973,62.35046541,911609
02-07-2020,61.88160706,62.38065227,57.68962646,62.38065227,1073556
03-07-2020,62.38065338,62.41958037,59.98523477,60.8835177,1083110
04-07-2020,,,,,
05-07-2020,,,,,
06-07-2020,62.5802803,63.47855954,60.58409914,63.47855954,1029067
07-07-2020,60.68389511,63.27893242,60.68389511,61.58217799,576695
08-07-2020,60.1848526,62.38065232,60.08504508,60.08504508,662961
09-07-2020,59.68580627,61.68198711,58.29646612,61.58217959,1101847
10-07-2020,60.98333359,63.12922988,59.88543546,59.88543546,696419
11-07-2020,,,,,
12-07-2020,,,,,
13-07-2020,63.47855377,63.47855377,61.03223376,62.77989347,862266
14-07-2020,63.47855377,65.17531218,60.08504838,63.27893872,1016244
15-07-2020,61.38256454,64.57645104,61.18294569,63.57836436,730281
16-07-2020,62.08123016,63.27893953,60.78371327,61.38256605,468359
17-07-2020,61.28276062,62.28085116,59.88543234,59.88543234,505749
18-07-2020,,,,,
19-07-2020,,,,,
20-07-2020,62.38065338,62.87969861,60.48428,62.87969861,321339
21-07-2020,63.27893829,64.17722125,60.68390075,63.17912696,891706
22-07-2020,62.08123016,63.57836592,60.48428307,62.87970181,643053
23-07-2020,63.87779236,63.89675328,61.28275857,61.28275857,1154121
24-07-2020,59.2865715,63.30887461,59.2865715,60.88351463,762013
25-07-2020,,,,,
26-07-2020,,,,,
27-07-2020,56.89115906,59.88543059,53.4976498,59.08695894,2315636
28-07-2020,55.89306259,60.78370709,54.39592699,60.78370709,1001069
29-07-2020,55.19439697,57.88924175,54.49573295,56.89115137,706260
30-07-2020,53.39783478,58.28847911,52.00050674,56.79134356,708745
31-07-2020,53.69726563,55.79325786,52.89879402,53.09841288,458015
01-08-2020,,,,,
02-08-2020,,,,,
03-08-2020,54.49573898,55.89306719,52.97465082,55.89306719,1024317
04-08-2020,56.79135132,57.19058524,53.89688733,53.89688733,778988
05-08-2020,55.79325485,57.39019797,54.39592677,56.89115277,1412440
06-08-2020,56.29230118,57.96310433,55.39401828,55.39401828,978683
07-08-2020,53.99669647,58.28848882,53.99669647,56.79135302,491654
08-08-2020,,,,,
09-08-2020,,,,,
10-08-2020,56.89115906,58.28848729,54.69535917,56.79135153,517491
11-08-2020,59.8854332,61.18295015,56.99096907,58.38829737,1077224
12-08-2020,59.8854332,61.28276149,57.68963322,57.88925209,799590
13-08-2020,59.78562546,61.38256881,57.39020662,58.68772357,506796
14-08-2020,60.58408737,61.38255892,57.98905008,59.6858045,849402
15-08-2020,,,,,
16-08-2020,,,,,
17-08-2020,59.38638306,61.18294514,58.58791144,59.88542829,951349
18-08-2020,58.08886337,60.4842781,57.98905205,58.58790858,468145
19-08-2020,58.38829041,60.18485243,57.88924519,58.68771677,689762
20-08-2020,56.79135132,59.78562284,56.16255323,57.88924935,1961031
21-08-2020,57.88924789,58.18867428,56.09268579,56.19249332,1157488
22-08-2020,,,,,
23-08-2020,,,,,
24-08-2020,56.99096298,58.18867228,56.39211024,57.88924591,898755
25-08-2020,55.89306259,57.78943588,54.99477971,57.29039068,993497
26-08-2020,56.3921051,57.49000297,54.89496957,55.89305992,838970
27-08-2020,56.19250107,57.39021057,54.49574625,54.49574625,437260
28-08-2020,56.89115906,57.6896307,56.09268741,56.3921138,508446
29-08-2020,,,,,
30-08-2020,,,,,
31-08-2020,,,,,
01-09-2020,59.58600235,61.38256445,58.08886663,59.48619102,3813677
02-09-2020,58.08886337,61.38256101,57.68962568,61.28275349,1315492
03-09-2020,58.2884903,62.38066007,58.2884903,58.88734311,1375484
04-09-2020,57.49000168,61.08312916,57.14666064,59.38637483,708574
05-09-2020,,,,,
06-09-2020,,,,,
07-09-2020,60.88352203,61.3825673,58.4960912,60.28466924,746899
08-09-2020,60.78370667,61.08313302,60.18485014,60.18485014,819176
09-09-2020,59.68580627,62.18103232,59.68580627,60.18485148,966857
10-09-2020,59.98523712,60.88352009,59.22968265,60.68390123,557776
11-09-2020,59.98523712,62.38065583,59.45625038,60.88352009,1258451
12-09-2020,,,,,
13-09-2020,,,,,
14-09-2020,60.88352203,61.78779028,58.98714851,60.88352203,991032
15-09-2020,60.88352203,60.88352203,60.1848579,60.88352203,1157065
16-09-2020,60.58408737,61.18294008,58.88733295,60.88351373,750655
17-09-2020,60.28467178,60.8835246,58.38829818,59.68581516,1209600
18-09-2020,65.9737854,66.87206844,60.18486083,62.28085332,3981937
19-09-2020,,,,,
20-09-2020,,,,,
21-09-2020,61.88160706,65.17530854,61.68198821,62.87969749,1755892
22-09-2020,60.98333359,64.87588842,58.88734487,61.18295247,1563584
23-09-2020,59.98523712,63.37874632,58.8873391,61.5821842,938445
24-09-2020,55.69344711,61.08313714,55.69344711,59.08695621,2002037
25-09-2020,56.89115906,61.08313996,56.3921138,61.08313996,1091174
26-09-2020,,,,,
27-09-2020,,,,,
28-09-2020,59.78562546,60.38447826,56.99096887,57.78944436,559616
29-09-2020,60.88352203,61.78180503,58.78753345,60.88352203,718213
30-09-2020,58.2884903,60.18486008,57.09078086,58.08887142,1090230
01-10-2020,58.2884903,60.58409782,57.29039973,60.28467142,581183
02-10-2020,58.5879097,59.18676244,57.19058156,58.08886448,646802
03-10-2020,,,,,
04-10-2020,,,,,
05-10-2020,62.48045731,62.77988747,58.3882882,59.08695224,1047501
06-10-2020,61.88160706,62.77988997,59.75966734,61.68198821,786102
07-10-2020,62.87969589,62.93059719,61.48236779,62.68007705,1074903
08-10-2020,62.77989197,63.20208457,60.84559291,62.48046178,1034499
09-10-2020,63.87779236,64.17722256,61.58218496,61.78180382,537201
10-10-2020,,,,,
11-10-2020,,,,,
12-10-2020,64.87587738,69.66671445,63.38772344,64.87587738,1787259
13-10-2020,64.17720032,66.77223321,63.20306259,65.07547537,610599
14-10-2020,64.87587738,65.67435276,62.87969654,65.07549242,326641
15-10-2020,65.17531586,66.87206674,62.58027815,66.87206674,755065
16-10-2020,65.37492371,66.87205936,63.22503757,66.87205936,604143
17-10-2020,,,,,
18-10-2020,,,,,
19-10-2020,65.07550812,67.67054993,63.97760991,66.67245927,481817
20-10-2020,64.57644653,66.17339728,63.37874109,63.97759381,546185
21-10-2020,64.57644653,64.8758767,63.17912224,64.8758767,519707
22-10-2020,64.6762619,66.77225025,63.77797901,66.17339752,652422
23-10-2020,63.9776001,64.87588308,58.04894385,62.38065681,2017688
24-10-2020,,,,,
25-10-2020,,,,,
26-10-2020,64.87587738,65.57453763,58.04893875,64.87587738,760518
27-10-2020,65.67435455,66.87206005,61.82072346,64.47664145,1172661
28-10-2020,63.3787384,65.37491914,61.88160285,65.37491914,1221798
29-10-2020,62.68008423,64.77607662,61.28275978,63.97760115,674423
30-10-2020,61.58218384,64.67626663,60.58409335,61.88161022,743639
31-10-2020,,,,,
01-11-2020,,,,,
02-11-2020,61.28276062,64.4766473,58.288489,64.4766473,985430
03-11-2020,61.88160706,62.77988997,61.17695393,61.88160706,712147
04-11-2020,62.48045731,63.57835903,60.58408784,60.78370668,1054094
05-11-2020,64.37683105,65.67435163,62.87969545,62.87969545,1897507
06-11-2020,65.87397003,68.76843387,63.27893637,64.37683435,2130112
07-11-2020,,,,,
08-11-2020,,,,,
09-11-2020,67.57071686,67.87014702,65.27511351,66.77224911,2618553
10-11-2020,73.75888824,74.85678625,65.92387947,67.57072268,3279626
11-11-2020,79.14857483,79.54780491,73.79481169,74.25793016,3167950
12-11-2020,75.86569214,79.45932866,75.43146331,79.45932866,3008506
13-11-2020,74.66780853,78.16162296,74.66780853,74.76763028,1538490
14-11-2020,,,,,
15-11-2020,,,,,
16-11-2020,75.7658844,77.56269919,73.27030196,73.86924022,1428584
17-11-2020,77.96196747,77.96196747,74.56797498,76.86391309,1862843
18-11-2020,77.36302948,78.86037844,76.56444032,78.66073496,1681057
19-11-2020,76.86392212,78.2614495,76.56444925,76.76410037,1311788
20-11-2020,77.86215973,79.35950895,76.96374867,79.35950895,951671
21-11-2020,,,,,
22-11-2020,,,,,
23-11-2020,79.06002808,82.05472622,78.76056283,79.75879555,1951366
24-11-2020,81.15632629,82.05472968,79.60207107,79.85862066,2392724
25-11-2020,82.15455627,82.35419977,81.02654842,81.85508341,2362845
26-11-2020,82.05472565,83.19171264,79.25967863,81.85508215,1499502
27-11-2020,81.05649567,82.15455778,78.54195019,82.15455778,2469171
28-11-2020,,,,,
29-11-2020,,,,,
30-11-2020,79.85862732,79.85862732,77.06357232,79.85862732,26842680
01-12-2020,86.64661407,86.64661407,77.56268908,77.56268908,1812270
02-12-2020,84.25083923,88.94252976,81.4557847,86.94606441,2277293
03-12-2020,91.43811035,92.23669953,83.7517219,84.8497763,2368535
04-12-2020,95.93016815,95.93016815,89.29691471,89.84094975,2606501
05-12-2020,,,,,
06-12-2020,,,,,
07-12-2020,93.33475494,96.12980948,92.53616576,93.33475494,1550588
08-12-2020,93.73405457,95.33122541,92.73582184,94.83210904,2268206
09-12-2020,94.53263855,95.13158429,92.33652954,93.5344058,1287980
10-12-2020,93.23493958,94.83211044,91.23847409,94.83211044,1921694
11-12-2020,90.340065,94.2331743,89.59438348,94.2331743,904728
12-12-2020,,,,,
13-12-2020,,,,,
14-12-2020,92.03704071,94.73227324,90.1404049,92.83562982,894076
15-12-2020,73.46993256,79.858624,70.17576889,77.8621584,82461685
16-12-2020,79.55914307,80.17805008,73.56974687,75.86568513,6181732
17-12-2020,75.96549988,80.85684118,75.96549988,80.85684118,3993970
18-12-2020,76.96374512,77.64054834,73.93610799,75.1669307,5543832
19-12-2020,,,,,
20-12-2020,,,,,
21-12-2020,72.17224121,79.25969323,70.37541896,77.06357629,3835015
22-12-2020,72.37187958,75.16693452,72.17223606,72.37187958,2368863
23-12-2020,73.27027893,74.56797682,72.37186801,72.37186801,1519683
24-12-2020,73.86922455,75.13597912,73.20739422,74.06886805,600707
25-12-2020,,,,,
26-12-2020,,,,,
27-12-2020,,,,,
28-12-2020,,,,,
29-12-2020,75.96549988,76.86391075,73.96903466,74.86744553,2232643
30-12-2020,74.66780853,79.75879375,74.66780853,79.75879375,1144391
31-12-2020,75.46639252,75.66604363,73.96904343,73.96904343,756422
01-01-2021,,,,,
02-01-2021,,,,,
03-01-2021,,,,,
04-01-2021,74.26851654,78.06179634,74.26851654,77.46285823,1496738
05-01-2021,77.46286011,77.46286011,74.26851834,76.46462735,2198045
06-01-2021,80.15809631,80.15809631,76.46463041,78.36127424,3017284
07-01-2021,79.55914307,82.35419767,79.25967783,82.35419767,1473496
08-01-2021,78.06180573,83.25262111,77.72241021,83.25262111,1579485
09-01-2021,,,,,
10-01-2021,,,,,
11-01-2021,77.46286011,79.65897673,76.1651621,79.55914737,940470
12-01-2021,76.2649765,79.5591397,76.2649765,78.86037989,773573
13-01-2021,75.36656952,77.86215129,75.36656952,76.86391858,5943326
14-01-2021,80.35774231,80.35774231,75.26675643,77.86216025,1563365
15-01-2021,78.56091309,82.75349514,76.76409874,82.75349514,1291394
16-01-2021,,,,,
17-01-2021,,,,,
18-01-2021,78.56091309,79.45932407,76.16516062,76.16516062,1105104
19-01-2021,76.06533051,78.86038518,75.86568701,77.46285784,1050336
20-01-2021,76.86392212,78.56091476,74.86745661,74.86745661,1214931
21-01-2021,74.46816254,77.36303907,74.46816254,74.86745716,1648893
22-01-2021,77.06356049,78.26144428,73.86921893,73.86921893,1916573
23-01-2021,,,,,
24-01-2021,,,,,
25-01-2021,74.46816254,78.86038821,74.46816254,78.86038821,1165344
26-01-2021,79.1598587,79.1598587,72.27205133,72.27205133,1338100
27-01-2021,79.85862732,80.35774374,77.16340169,79.060038,2436120
28-01-2021,79.45932007,79.75879292,74.66780776,76.06532742,2564994
29-01-2021,79.3595047,80.33777616,75.86569003,78.66074481,3298850
30-01-2021,,,,,
31-01-2021,,,,,
01-02-2021,82.15455627,82.25437802,78.26144713,78.86038524,2836232
02-02-2021,81.55561829,83.25261865,79.9584473,81.95491294,4925694
03-02-2021,82.853302,83.74772209,81.55559664,82.05471291,1794502
04-02-2021,81.35595703,83.45224397,81.35595703,82.85330593,1342767
05-02-2021,78.86038971,82.85332083,78.86038971,82.85332083,1791730
06-02-2021,,,,,
07-02-2021,,,,,
08-02-2021,79.85862732,80.55738726,78.86039448,78.86039448,1993577
09-02-2021,77.16339874,81.25615171,76.96374761,79.85862427,1345229
10-02-2021,78.46109009,80.15809028,75.16692669,77.76233023,1593692
11-02-2021,77.56267548,79.75879192,76.86391565,77.76232658,659422
12-02-2021,77.86215973,79.85862536,76.16516699,79.85862536,776958
13-02-2021,,,,,
14-02-2021,,,,,
15-02-2021,79.85862732,80.15810022,78.16163454,78.76057272,772852
16-02-2021,79.85862732,81.65544948,78.56092158,79.6589838,1059287
17-02-2021,77.26322174,81.45579654,77.06357061,79.25968738,832687
18-02-2021,76.96374512,79.15986178,76.16516347,77.06356687,695998
19-02-2021,75.86569214,77.46286308,74.86745935,74.86745935,975313
20-02-2021,,,,,
21-02-2021,,,,,
22-02-2021,75.96549988,77.26320531,75.24776887,75.86567814,973083
23-02-2021,75.7658844,76.76411738,74.41626842,75.66606262,1360875
24-02-2021,76.36479187,78.8603733,75.3665593,78.8603733,930008
25-02-2021,78.26143646,78.76055276,75.96549846,78.76055276,959203
26-02-2021,79.55914307,79.55914307,75.66604163,76.16515798,2739189
27-02-2021,,,,,
28-02-2021,,,,,
01-03-2021,80.05827332,80.55738975,77.26322584,79.75880802,1607312
02-03-2021,80.05827332,82.35421197,79.35951335,82.35421197,1639861
03-03-2021,79.06002808,82.55384258,79.06002808,82.25437734,1726414
04-03-2021,78.06180573,82.75350468,78.06180573,82.75350468,946802
05-03-2021,77.7623291,80.35773261,76.86391815,77.46285624,1203891
06-03-2021,,,,,
07-03-2021,,,,,
08-03-2021,77.56267548,79.75879192,76.16515583,78.36126466,635970
09-03-2021,79.85862732,80.15810022,76.5644559,76.5644559,1459066
10-03-2021,81.15632629,81.15632629,79.15986078,79.35950428,1076204
11-03-2021,79.25967407,82.55383725,79.06002297,82.55383725,1384791
12-03-2021,79.1598587,79.85861857,77.86215311,79.5591457,460469
13-03-2021,,,,,
14-03-2021,,,,,
15-03-2021,79.65898132,80.25791949,78.86039203,78.86039203,485464
16-03-2021,82.05472565,82.85331486,79.95843848,80.85684944,1246411
17-03-2021,83.85154724,84.25084185,80.65720563,83.65190375,760946
18-03-2021,86.84624481,89.84094291,82.35419767,82.35419767,2636440
19-03-2021,87.4451828,91.31833054,85.74819026,86.94606645,4273463
20-03-2021,,,,,
21-03-2021,,,,,
22-03-2021,84.05118561,91.53793044,84.05118561,91.53793044,1137653
23-03-2021,81.25615692,87.54501942,80.45756758,85.84802659,2621745
24-03-2021,80.85684967,83.2526097,79.25967885,82.95313684,1344016
25-03-2021,78.86038971,80.75703352,78.06180044,79.45932785,1379385
26-03-2021,80.25790405,81.35595841,79.06002034,81.35595841,2415702
27-03-2021,,,,,
28-03-2021,,,,,
29-03-2021,78.86038971,80.97764363,78.16162981,79.85862249,1217519
30-03-2021,79.55914307,81.35596497,78.96020497,79.85861592,1641715
31-03-2021,79.1598587,81.55561117,77.66250961,77.66250961,2152005
01-04-2021,80.90675354,81.85507144,79.76576834,80.6571954,2501714
02-04-2021,,,,,
03-04-2021,,,,,
04-04-2021,,,,,
05-04-2021,,,,,
06-04-2021,82.10463715,84.4504824,80.35772997,84.4504824,2304201
07-04-2021,82.75349426,83.25261062,81.95490504,81.95490504,1965744
08-04-2021,84.5503006,87.04588217,82.60375002,83.8515408,4113730
09-04-2021,82.65366364,86.84623758,81.70533808,86.84623758,1794843
10-04-2021,,,,,
11-04-2021,,,,,
12-04-2021,83.95137787,85.09934712,80.45756303,83.85155611,1806654
13-04-2021,84.65013885,84.70004592,80.85685142,80.85685142,840330
14-04-2021,74.41825104,78.71064709,72.77715166,76.86391811,15044994
15-04-2021,75.36656952,76.44466267,74.41825149,75.16692602,5280341
16-04-2021,74.8674469,76.06133227,74.61788874,75.86567952,3951450
17-04-2021,,,,,
18-04-2021,,,,,
19-04-2021,74.8674469,75.86567952,74.6278732,75.61612137,2144692
20-04-2021,71.27381134,74.84748599,70.17575697,73.66957118,4315470
21-04-2021,72.92090607,73.46992951,70.17576598,70.92444055,2683803
22-04-2021,73.37010193,74.86745095,72.57151274,74.86745095,1276082
23-04-2021,74.8674469,74.8674469,72.72124523,73.07062513,1999105
24-04-2021,,,,,
25-04-2021,,,,,
26-04-2021,75.7658844,76.06534972,73.81932553,74.8674732,2427461
27-04-2021,74.41825104,77.06356161,74.41825104,75.66604192,1776406
28-04-2021,74.36833954,74.96727766,73.66957966,74.86745591,1130054
29-04-2021,74.0189743,75.11702902,73.86923784,73.86923784,1757418
30-04-2021,75.86569214,76.46463029,74.06887007,74.11878475,3633274
01-05-2021,,,,,
02-05-2021,,,,,
03-05-2021,,,,,
04-05-2021,76.86392212,77.86215487,76.0154258,77.86215487,3249403
05-05-2021,77.86215973,78.27143884,74.16870135,74.16870135,2637028
06-05-2021,78.76055908,79.85861349,77.78129003,79.85861349,2437441
07-05-2021,81.15632629,81.15632629,78.71065147,80.85685342,2006121
08-05-2021,,,,,
09-05-2021,,,,,
10-05-2021,77.86215973,81.95491276,77.86215973,81.55561811,1586792
11-05-2021,77.7623291,78.61082538,75.43744276,77.86215085,1901587
12-05-2021,80.00833893,81.55559478,76.71416853,79.35948626,3311817
13-05-2021,79.01012421,79.95844228,77.2342688,79.95844228,1756547
14-05-2021,80.25790405,81.00657852,75.86567901,75.86567901,2380561
15-05-2021,,,,,
16-05-2021,,,,,
17-05-2021,78.81046295,81.20622278,78.46108305,80.35772657,1826369
18-05-2021,78.71063232,81.85506627,78.4610742,81.85506627,1824753
19-05-2021,78.51100922,79.65897843,77.06356712,77.96197814,1641018
20-05-2021,78.86038971,81.85508805,78.16162981,81.85508805,1146027
21-05-2021,78.06180573,80.45756609,77.51278223,80.00836435,3649281
22-05-2021,,,,,
23-05-2021,,,,,
24-05-2021,77.86215973,79.80871068,77.86215973,79.80871068,1426667
25-05-2021,76.51454163,79.55914694,76.51454163,79.55914694,1821441
26-05-2021,78.21153259,79.20976532,76.51454,76.51454,1568883
27-05-2021,78.86038971,79.40942079,76.36480776,76.36480776,5497481
28-05-2021,78.61083221,79.93348761,78.46109577,79.35950681,1588814
29-05-2021,,,,,
30-05-2021,,,,,
31-05-2021,,,,,
01-06-2021,78.96021271,80.00836019,78.56091807,79.01012739,1680725
02-06-2021,79.01012421,80.25791515,78.26144964,80.25791515,1618805
03-06-2021,79.50923157,80.25790605,78.31134783,79.15985167,1614188
04-06-2021,78.96021271,79.75880199,78.11171635,78.81047626,1361692
05-06-2021,,,,,
06-06-2021,,,,,
07-06-2021,78.21153259,79.65897462,77.91206734,78.96020714,979502
08-06-2021,76.91383362,79.75879533,76.91383362,79.06002786,1280685
09-06-2021,78.16162109,78.71064449,76.86391558,76.86391558,1201129
10-06-2021,77.36302948,78.86037844,76.91382784,77.8621458,1184360
11-06-2021,76.86392212,78.91030231,76.76410037,78.31135657,1144658
12-06-2021,,,,,
13-06-2021,,,,,
14-06-2021,77.31311798,78.51100177,76.66427283,77.51276909,1009383
15-06-2021,77.61260986,78.61084279,77.31313694,78.61084279,1276404
16-06-2021,78.61083221,78.61083221,77.41295591,78.61083221,2559514
17-06-2021,80.00833893,80.80692038,78.56089719,79.9085172,4239569
18-06-2021,80.15809631,81.35597262,78.66074712,81.35597262,5915562
19-06-2021,,,,,
20-06-2021,,,,,
21-06-2021,81.10640717,84.70004338,79.55914343,82.75349265,2304472
22-06-2021,82.90323639,83.00305815,80.84387861,81.85508891,1762187
23-06-2021,84.15101624,84.60021789,81.90499275,82.85331073,1625186
24-06-2021,77.57894135,83.86912907,76.92996013,83.86912907,3125339
25-06-2021,78.97676849,79.37614686,76.63941975,78.17801939,1584429
26-06-2021,,,,,
27-06-2021,,,,,
28-06-2021,77.97831726,79.46000632,77.97831726,79.27629488,1261095
29-06-2021,76.53057861,79.6257472,76.53057861,79.52590453,1437403
30-06-2021,76.92996216,77.72871122,75.88159497,76.38081599,2169590
01-07-2021,78.57739258,79.7755277,77.27942238,79.17646395,1498674
02-07-2021,79.12653351,80.32466094,78.37770196,78.37770196,1229748
03-07-2021,,,,,
04-07-2021,,,,,
05-07-2021,82.47131348,82.64205231,79.02669138,81.87224976,1642418
06-07-2021,82.37147522,82.6710109,81.07349741,81.12342256,1920115
07-07-2021,84.1686554,84.86756168,82.37145692,82.37145692,1931626
08-07-2021,83.56958771,84.6179548,82.84072935,84.21857649,2652098
09-07-2021,84.6179657,85.3168721,79.87536585,79.87536585,1855077
10-07-2021,,,,,
11-07-2021,,,,,
12-07-2021,85.3667984,85.66633407,83.51968206,84.56804168,1418166
13-07-2021,82.97053528,85.86601883,82.72092476,85.86601883,1132804
14-07-2021,81.47286224,83.36990349,80.72403078,82.87068251,2207377
15-07-2021,81.27318573,82.90164145,80.7739647,81.87224945,767234
16-07-2021,81.42295074,84.51811952,80.87380458,84.51811952,871316
17-07-2021,,,,,
18-07-2021,,,,,
19-07-2021,78.02825165,81.17334579,77.87848381,80.77396742,2587202
20-07-2021,80.0251236,80.32465161,77.87847189,77.87847189,2127969
21-07-2021,80.52435303,81.62263776,79.72559634,79.72559634,992471
22-07-2021,82.02200317,84.31841496,80.67410814,84.31841496,1704675
23-07-2021,82.12186432,84.86758015,80.97365436,84.86758015,1160068
24-07-2021,,,,,
25-07-2021,,,,,
26-07-2021,82.32154083,83.51967582,80.87380296,83.51967582,3223780
27-07-2021,83.02045441,84.56803495,82.62107608,84.56803495,1699353
28-07-2021,82.37147522,85.86602265,82.37147522,84.86758053,3175999
29-07-2021,83.51968384,85.86602127,81.82232768,83.56960137,6108817
30-07-2021,89.11096191,89.11096191,83.91906578,85.86602493,4218772
31-07-2021,,,,,
01-08-2021,,,,,
02-08-2021,86.71469116,91.35744825,86.66477363,91.35744825,2238928
03-08-2021,89.0111084,89.29067095,86.46507818,87.96274122,1689788
04-08-2021,89.26071167,91.15775289,87.46351312,89.11094385,2396733
05-08-2021,88.61172485,90.10938781,87.96273605,89.460399,1569378
06-08-2021,91.10783386,91.25760169,88.31219317,89.11094983,2652440
07-08-2021,,,,,
08-08-2021,,,,,
09-08-2021,92.9050293,92.9050293,90.26115231,91.70689435,1625276
10-08-2021,95.20144653,96.00020321,91.10783571,93.85355131,2499340
11-08-2021,95.4510498,96.79894493,94.5574476,96.44949176,1256740
12-08-2021,94.40270233,96.2997362,90.90815503,91.20768308,1156408
13-08-2021,93.45417786,95.18946917,91.95651473,91.95651473,1028719
14-08-2021,,,,,
15-08-2021,,,,,
16-08-2021,93.95340729,94.70223892,92.45574402,94.55247107,1202909
17-08-2021,96.24982452,97.14842398,93.903487,94.7521613,1782119
18-08-2021,94.65231323,99.84420906,94.45262024,99.84420906,1308874
19-08-2021,93.95340729,94.75216408,92.40582648,94.75216408,931044
20-08-2021,94.35276794,98.39646105,93.35432596,98.39646105,889564
21-08-2021,,,,,
22-08-2021,,,,,
23-08-2021,93.55400848,95.80050289,93.0547875,94.30283995,844413
24-08-2021,92.30596161,95.85043382,91.85666575,95.85043382,1230031
25-08-2021,93.70378876,95.85044078,92.80518935,95.85044078,1023107
26-08-2021,93.60394287,93.90347854,91.85666927,91.90659442,1145390
27-08-2021,93.25449371,94.3527785,93.10472587,93.60394693,1780530
28-08-2021,,,,,
29-08-2021,,,,,
30-08-2021,,,,,
31-08-2021,92.80517578,94.19900445,92.4058051,93.3543219,1380852
01-09-2021,93.55400848,94.85198608,93.02683125,94.85198608,2224150
02-09-2021,93.35432434,93.70377751,92.20611455,92.20611455,1484606
03-09-2021,93.50411224,94.40271173,93.154659,93.35434439,1761751
04-09-2021,,,,,
05-09-2021,,,,,
06-09-2021,95.00176239,95.76058048,93.30440634,93.85355251,917772
07-09-2021,92.6554184,95.5009765,92.20611494,92.20611494,812827
08-09-2021,93.50411224,94.05325088,92.40582736,92.65543791,849681
09-09-2021,94.30284119,94.75214464,92.45572506,93.70377753,1384706
10-09-2021,93.9034729,95.85043175,93.20455893,95.85043175,1006248
11-09-2021,,,,,
12-09-2021,,,,,
13-09-2021,93.653862,94.57542049,93.35432635,94.85198934,50996
14-09-2021,95.05167389,95.05167389,92.90502972,93.6538612,1180762
15-09-2021,94.35276794,95.75058825,93.70977411,95.75058825,1612878
16-09-2021,95.15154266,96.29974507,93.85356478,95.35122805,1414932
17-09-2021,96.34965515,97.84731818,95.40113828,97.84731818,3722136
18-09-2021,,,,,
19-09-2021,,,,,
20-09-2021,94.9019165,95.95027605,93.05479268,94.85199136,1985126
21-09-2021,99.09538269,101.3338867,95.07066418,97.84733001,2062896
22-09-2021,98.04701233,103.5384439,98.04701233,101.8410954,1492421
23-09-2021,97.94716644,99.91409856,97.14841735,99.14530151,1504590
24-09-2021,98.59615326,100.4432695,97.29817554,97.99708955,1644172
25-09-2021,,,,,
26-09-2021,,,,,
27-09-2021,100.9424896,102.839531,97.99708863,102.839531,1229502
28-09-2021,98.39646912,104.8364174,95.97823773,104.8364174,1291485
29-09-2021,97.09849548,99.29506508,96.54934927,98.84576918,897017
30-09-2021,99.5446701,101.2420262,96.94872228,101.2420262,2606709
01-10-2021,98.19676208,99.34497183,96.99863482,98.39645504,1438915
02-10-2021,,,,,
03-10-2021,,,,,
04-10-2021,96.89879608,104.8364067,95.70066115,102.8395227,1490666
05-10-2021,96.05012512,101.2420285,95.9003649,98.44638764,1118607
06-10-2021,94.35276794,96.24980925,93.79963023,95.30128479,1420361
07-10-2021,93.10472107,97.34809978,92.75526788,97.34809978,1614472
08-10-2021,95.85042572,98.44637323,93.25447821,97.44793129,1216803
09-10-2021,,,,,
10-10-2021,,,,,
11-10-2021,94.50254059,98.89568709,94.25293008,98.24669824,1311814
12-10-2021,94.85198975,95.15152539,92.30595961,93.10471625,655064
13-10-2021,94.30284119,95.00175514,93.15463901,94.65230197,955929
14-10-2021,95.05167389,95.50097735,93.55401091,94.75214586,1522658
15-10-2021,97.84732056,98.14685622,95.05167978,96.19988966,1862258
16-10-2021,,,,,
17-10-2021,,,,,
18-10-2021,97.9970932,99.84420955,96.99865111,99.84420955,1643106
19-10-2021,96.29972839,98.34653755,93.35432752,93.35432752,1037334
20-10-2021,98.34654999,99.84421319,96.0002125,99.84421319,841605
21-10-2021,97.0485611,98.69399616,93.70378186,93.70378186,1164989
22-10-2021,98.54623413,99.84421193,96.99865342,99.84421193,2015748
23-10-2021,,,,,
24-10-2021,,,,,
25-10-2021,98.59615326,100.3434269,97.79739657,99.84420583,1706042
26-10-2021,98.84576416,100.3434273,98.39646828,99.34498519,2361112
27-10-2021,99.09538269,103.5384472,98.34655108,103.5384472,1735124
28-10-2021,109.8286285,116.9175658,101.3418709,102.839534,3777697
29-10-2021,109.4292374,113.1234772,108.9419987,113.1234772,4098484
30-10-2021,,,,,
31-10-2021,,,,,
01-11-2021,109.8286285,112.9237975,108.9420115,109.6289432,2088334
02-11-2021,109.8286285,110.2280069,108.8301865,108.8301865,17714387
03-11-2021,109.8286285,110.0383005,107.4333639,110.0283139,4894757
04-11-2021,108.8301773,110.0283047,104.636724,104.636724,1398045
05-11-2021,121.0111771,124.306039,107.6320593,108.5306511,18269502
06-11-2021,,,,,
07-11-2021,,,,,
08-11-2021,122.3091354,124.2850483,119.3138097,123.607113,2626871
09-11-2021,125.0049286,127.6008837,122.3091384,123.2077377,2856849
10-11-2021,131.2951202,131.6944909,125.0049327,126.3029103,5758259
11-11-2021,129.0131836,133.3069692,127.5612912,133.3069692,1708816
12-11-2021,134.5052338,134.7049415,129.5124633,130.3113096,1879626
13-11-2021,,,,,
14-11-2021,,,,,
15-11-2021,135.7034912,138.4994456,134.4053831,136.5023375,2385148
16-11-2021,135.6036377,136.402484,129.3127444,129.3127444,1323050
17-11-2021,135.7034912,139.4979997,131.5095672,131.5095672,2767266
18-11-2021,132.3083954,135.0044879,129.1130259,129.5124413,1702899
19-11-2021,128.5139008,134.9046557,126.1123795,132.5081169,1638854
20-11-2021,,,,,
21-11-2021,,,,,
22-11-2021,129.6123199,131.0102895,126.0175192,126.0175192,935163
23-11-2021,129.7121582,132.5081124,127.6351717,128.6137579,950288
24-11-2021,129.3127289,132.8076675,128.2143135,132.8076675,1128085
25-11-2021,128.9133301,129.3127456,127.346591,129.0131763,473159
26-11-2021,121.1245956,127.1159193,120.3257494,126.0175038,2169246
27-11-2021,,,,,
28-11-2021,,,,,
29-11-2021,126.6166458,127.1159228,121.4241606,121.4241606,1617623
30-11-2021,124.619545,128.6137611,121.5360051,128.6137611,3782024
01-12-2021,125.9176712,126.7165175,122.7223011,122.7223011,1255182
02-12-2021,126.4169388,127.2157851,122.8221458,122.8221458,1554439
03-12-2021,123.0218506,128.0146206,120.4256117,120.4256117,1234988
04-12-2021,,,,,
05-12-2021,,,,,
06-12-2021,124.9190979,128.7135983,124.1202593,128.7135983,1649603
07-12-2021,128.8134613,130.8105692,125.1188147,129.013169,1210114
08-12-2021,126.3170776,133.8062324,125.7179468,133.8062324,1218752
09-12-2021,125.4183884,129.8120278,124.8192575,129.8120278,493067
10-12-2021,126.5167847,127.724036,122.822138,124.819246,1304601
11-12-2021,,,,,
12-12-2021,,,,,
13-12-2021,126.117363,128.1144708,124.5346483,125.618086,1390708
14-12-2021,125.2186661,127.401502,120.8250272,120.8250272,2393138
15-12-2021,126.8163528,127.9147683,120.8250291,120.8250291,4961590
16-12-2021,128.8134613,131.2099847,127.1179186,130.011723,1324757
17-12-2021,126.8163528,129.7121532,126.0175066,127.3156298,1889141
18-12-2021,,,,,
19-12-2021,,,,,
20-12-2021,126.4169388,126.8163619,123.0218536,125.9176618,903801
21-12-2021,127.0160522,131.809114,125.1148063,131.809114,777117
22-12-2021,129.0131836,129.2128914,125.0189673,125.0189673,645450
23-12-2021,128.8134613,129.6123075,128.1144766,129.013169,671560
24-12-2021,127.8149109,128.6137571,126.6166491,126.8163569,538730
25-12-2021,,,,,
26-12-2021,,,,,
27-12-2021,,,,,
28-12-2021,,,,,
29-12-2021,129.6123199,130.9503787,129.0131814,129.0131814,937634
30-12-2021,133.3069458,133.8062228,128.9133147,129.8120071,1761625
31-12-2021,133.5066681,133.5066681,125.0469184,131.8091293,921053
01-01-2022,,,,,
02-01-2022,,,,,
03-01-2022,,,,,
04-01-2022,140.8959808,141.6948119,133.2071026,135.7034876,3719444
05-01-2022,140.6962585,142.7932281,137.8683528,139.797566,2336920
06-01-2022,136.8018951,139.2982801,134.6619886,138.7990031,1091544
07-01-2022,138.6991425,142.1940814,134.804788,142.1940814,1299995
08-01-2022,,,,,
09-01-2022,,,,,
10-01-2022,134.405365,141.4950887,133.1072418,141.4950887,1773000
11-01-2022,135.8033447,140.596407,134.8047907,140.596407,1405266
12-01-2022,138.8988647,140.2968342,135.4039258,140.2968342,1158865
13-01-2022,138.8988647,139.5519108,135.3040643,135.3040643,1537931
14-01-2022,142.7932129,142.8930744,137.500874,140.796105,2140721
15-01-2022,,,,,
16-01-2022,,,,,
17-01-2022,144.0913239,144.0913239,136.5023085,136.5023085,1814190
18-01-2022,145.3894501,145.7888655,141.0956654,144.7903117,2705512
19-01-2022,145.2895966,146.9871352,142.8930732,146.7874274,8998870
20-01-2022,143.5920563,147.9607297,142.7932101,147.2867027,4866998
21-01-2022,144.3908997,146.8872844,142.2939304,143.0927765,2728705
22-01-2022,,,,,
23-01-2022,,,,,
24-01-2022,143.9914703,152.1796093,141.0956701,146.6875628,4984436
25-01-2022,147.5862885,150.5819505,144.4907649,145.7888882,3781101
26-01-2022,148.7845459,149.4835307,146.4878687,146.4878687,2923110
27-01-2022,144.0913239,148.1304724,141.0956623,144.7903085,3183935
28-01-2022,143.7917786,145.9147115,139.2493604,144.7903326,35549281
29-01-2022,,,,,
30-01-2022,,,,,
31-01-2022,152.27948,152.3793415,143.3923558,144.2910482,3373218
01-02-2022,156.7729797,156.7729797,151.4806404,154.7758717,2236827
02-02-2022,159.7686615,162.9041209,156.1738605,156.1738605,3591782
03-02-2022,156.5732727,160.2679195,156.5732727,158.5703807,3933385
04-02-2022,154.7758789,162.103266,151.7802167,158.2708181,6060789
05-02-2022,,,,,
06-02-2022,,,,,
07-02-2022,154.7758789,158.9698029,154.1767404,157.9712488,3534920
08-02-2022,141.4951019,142.3938097,130.3112999,138.7990091,14475271
09-02-2022,138.8988647,144.0913424,136.7020338,143.1926347,7546472
10-02-2022,143.7917786,143.9914863,138.4994392,139.7975625,5199101
11-02-2022,147.5862885,148.3851347,141.582973,142.2939491,3148003
12-02-2022,,,,,
13-02-2022,,,,,
14-02-2022,144.0913239,149.2838008,144.0913239,149.2838008,3455595
15-02-2022,149.7830963,150.2783813,142.7932185,144.7903264,4825189
16-02-2022,150.8815002,150.9813465,147.7859771,149.2838079,4525939
17-02-2022,151.1810608,153.7773071,149.3836759,151.2809223,3003508
18-02-2022,153.6774445,153.6774445,149.6712527,149.7830902,2678878
19-02-2022,,,,,
20-02-2022,,,,,
21-02-2022,154.2766113,156.3735811,152.6789186,154.3764728,2453156
22-02-2022,152.27948,154.2765879,149.3836796,152.8786185,2637979
23-02-2022,149.18396,154.7758684,148.5848367,154.7758684,2166776
24-02-2022,138.6991425,147.0600361,137.9003115,145.8887433,5050220
25-02-2022,144.2910614,145.689031,140.1920013,140.7961222,6550879
26-02-2022,,,,,
27-02-2022,,,,,
28-02-2022,141.8945313,144.7903318,139.7356549,143.7917778,4751286
01-03-2022,142.094223,144.5906078,140.3966844,141.0956691,3461215
02-03-2022,147.4864197,147.6861274,140.3966956,145.3894655,2338261
03-03-2022,138.798996,147.5862736,137.3011651,147.5862736,4065651
04-03-2022,131.5095673,138.1000302,130.133569,138.1000302,3874217
05-03-2022,,,,,
06-03-2022,,,,,
07-03-2022,127.7150574,129.7121577,122.4237162,128.9133267,5041675
08-03-2022,129.1130219,131.4096989,124.2201062,124.2201062,4130667
09-03-2022,137.4010162,139.1045428,130.1115701,130.1115701,3388787
10-03-2022,139.5978546,140.1969779,136.6021926,139.4979931,2160760
11-03-2022,139.5978546,143.3923629,135.8033463,135.8033463,3304704
12-03-2022,,,,,
13-03-2022,,,,,
14-03-2022,142.1941071,143.0928149,140.1969987,140.9958451,1641149
15-03-2022,142.7932129,144.227141,140.296828,141.794659,2656346
16-03-2022,142.094223,146.0884386,141.7946538,144.9900232,3572993
17-03-2022,146.388031,146.388031,141.0956915,142.9929381,2510034
18-03-2022,142.7932129,148.2852595,142.2939359,148.2852595,12346646
19-03-2022,,,,,
20-03-2022,,,,,
21-03-2022,151.7801819,151.7801819,144.4178434,146.1882744,3484675
22-03-2022,149.5834045,153.0374027,147.6861426,151.0812357,2179826
23-03-2022,150.7816467,152.3793391,149.6832313,150.8815082,2415998
24-03-2022,155.2751312,155.9431701,150.2823617,150.4820695,2228373
25-03-2022,138.798996,143.6919041,137.9003035,139.7975499,69913247
26-03-2022,,,,,
27-03-2022,,,,,
28-03-2022,139.2982941,142.9929411,138.4994478,139.7975711,3128154
29-03-2022,140.7961121,144.1911895,139.9972658,140.1969736,5374987
30-03-2022,139.2982941,141.6159372,136.5023396,140.7961252,8062785
31-03-2022,139.2982941,140.7961252,138.8988785,139.2982941,3583961
01-04-2022,141.2954102,142.4936721,138.6991633,141.6948257,2601942
02-04-2022,,,,,
03-04-2022,,,,,
04-04-2022,143.7917786,146.2881636,141.0956858,141.0956858,3016730
05-04-2022,138.1000061,143.1926218,136.7020215,137.6007292,5888201
06-04-2022,138.5992737,139.2982583,132.2085201,138.0001353,5508170
07-04-2022,142.094223,144.181197,139.6976845,141.4950846,2991502
08-04-2022,143.691925,147.7830012,143.0928017,143.192648,3621268
09-04-2022,,,,,
10-04-2022,,,,,
11-04-2022,143.9914703,145.9795885,142.593501,143.2924856,2316597
12-04-2022,147.5862885,148.2852732,142.2939491,142.2939491,3114677
13-04-2022,148.9842682,150.4820993,144.8902055,144.8902055,2523861
14-04-2022,148.2852631,149.9877994,146.4878629,148.9842478,11989776
15-04-2022,,,,,
16-04-2022,,,,,
17-04-2022,,,,,
18-04-2022,,,,,
19-04-2022,149.18396,149.7830984,144.7364057,149.7830984,2510028
20-04-2022,147.4864197,149.4835276,146.8872964,148.9842506,2572675
21-04-2022,146.388031,148.8844162,146.2881695,147.7860006,3220060
22-04-2022,145.6890259,148.0855647,143.1926408,143.6919178,2259098
23-04-2022,,,,,
24-04-2022,,,,,
25-04-2022,143.7917786,146.0884559,143.1926401,145.4893173,1564314
26-04-2022,143.292511,147.8858659,142.5935262,145.4893269,2786122
27-04-2022,142.9929047,146.0884276,141.6947816,146.0884276,3871293
28-04-2022,148.8844147,148.8844147,143.3923674,143.4922137,4112103
29-04-2022,146.388031,150.4820935,146.388031,146.7874465,3474274
30-04-2022,,,,,
01-05-2022,,,,,
02-05-2022,,,,,
03-05-2022,145.7888794,147.3366411,140.2968326,140.2968326,24211000
04-05-2022,144.9900513,147.586298,143.8916509,143.8916509,1875867
05-05-2022,147.7859955,149.4835343,146.0884567,147.2867185,2623392
06-05-2022,145.7888794,147.7859873,143.6979132,144.4907562,3206433
07-05-2022,,,,,
08-05-2022,,,,,
09-05-2022,143.8916168,146.7874169,143.1926169,146.7874169,2912634
10-05-2022,139.9972534,144.0913305,135.3040531,143.3923458,5236129
11-05-2022,135.4039154,142.1940698,128.0146074,142.1940698,6471192
12-05-2022,134.3055115,136.8018964,131.908988,135.403927,5119225
13-05-2022,137.4010162,138.0001394,134.9046316,136.6021701,2494686
14-05-2022,,,,,
15-05-2022,,,,,
16-05-2022,139.5978546,142.4936552,135.9032078,136.8019003,2296698
17-05-2022,143.0927887,143.192635,140.2968345,140.5964037,2059510
18-05-2022,142.7932129,144.1911823,140.5963973,143.9914746,2589779
19-05-2022,143.3923798,146.3880422,140.0971481,143.1926567,5966512
20-05-2022,144.7903442,147.7760265,141.5949742,141.5949742,2758228
21-05-2022,,,,,
22-05-2022,,,,,
23-05-2022,148.5848389,148.5848389,146.0884539,146.7874386,4804204
24-05-2022,152.3793488,153.477749,148.2852712,148.5848405,4308566
25-05-2022,154.7758789,157.7715411,151.580509,151.7802167,4801944
26-05-2022,160.0682068,160.0682068,154.6760061,156.1738371,2436482
27-05-2022,159.6687927,160.5595165,156.285691,159.1695157,4236543
28-05-2022,,,,,
29-05-2022,,,,,
30-05-2022,151.5805054,162.864169,147.8369181,159.3692299,7891228
31-05-2022,154.3764496,155.6995305,151.6803417,152.4791879,4425644
01-06-2022,153.6774445,156.57326,153.3778905,154.7758599,2527681
02-06-2022,,,,,
03-06-2022,,,,,
04-06-2022,,,,,
05-06-2022,,,,,
06-06-2022,156.3735504,158.2707968,154.0768733,154.775858,2702880
07-06-2022,156.3735504,160.1261117,155.9741197,156.2736889,4827476
08-06-2022,143.7917786,157.3721193,143.5920708,154.7758728,5450609
09-06-2022,145.6890259,146.6875799,142.3938098,146.0884566,3309955
10-06-2022,144.0913239,146.8872777,143.09277,143.09277,15622249
11-06-2022,,,,,
12-06-2022,,,,,
13-06-2022,140.1969604,143.7917606,139.3352171,142.2939297,4649223
14-06-2022,141.9943695,143.1926312,139.6976924,142.593508,13816112
15-06-2022,136.5023193,144.8901815,126.1173645,143.3923506,8413013
16-06-2022,132.70784,138.1000415,130.5110239,137.2013336,4994464
17-06-2022,133.7063599,134.505206,131.2938533,132.707806,14815948
18-06-2022,,,,,
19-06-2022,,,,,
20-06-2022,136.4024811,137.9003121,130.9813306,131.6094189,1707693
21-06-2022,136.1029205,137.5008901,135.004505,136.8019053,1601271
22-06-2022,137.2012939,138.8988477,133.5066477,138.8988477,2592365
23-06-2022,135.4334869,137.2312643,131.7380184,137.2312643,2957256
24-06-2022,137.5309143,137.5309143,134.534598,136.8317769,3459489
25-06-2022,,,,,
26-06-2022,,,,,
27-06-2022,137.6307831,139.0290578,135.3336045,136.9316457,3187816
28-06-2022,138.8292999,140.2175923,137.2312587,137.2312587,2346954
29-06-2022,137.7306671,138.6295712,136.3323923,136.3323923,1550136
30-06-2022,135.0339966,137.654783,134.3348591,134.9341285,2506390
01-07-2022,137.1314087,137.6307947,133.9353411,136.6320227,1973059
02-07-2022,,,,,
03-07-2022,,,,,
04-07-2022,139.6283417,140.1526909,136.9316601,138.3299349,1315589
05-07-2022,134.5345917,139.0290659,133.9353376,136.3323844,2800330
06-07-2022,138.6295776,139.3287151,134.3348543,134.3348543,2577375
07-07-2022,144.2226715,144.9218241,138.4298061,138.4298061,10354161
08-07-2022,147.518631,148.517403,142.3250193,144.4224467,2842336
09-07-2022,,,,,
10-07-2022,,,,,
11-07-2022,149.2165375,151.0143302,145.1625313,147.6185113,1882928
12-07-2022,149.3164215,149.4163048,143.6234239,147.3188774,2250703
13-07-2022,150.015564,151.2140874,146.0204756,151.2140874,2235637
14-07-2022,149.4163208,151.4138651,148.1179139,150.7147124,2254003
15-07-2022,156.3078156,157.2566459,150.514935,151.513707,3715556
16-07-2022,,,,,
17-07-2022,,,,,
18-07-2022,159.4040222,160.5026623,156.9070921,157.7060976,2773401
19-07-2022,163.1993408,164.2979961,159.0045014,160.9021774,3722616
20-07-2022,164.4977417,166.8948036,162.7998324,163.4989697,7000903
21-07-2022,165.1968842,166.6950422,163.7986094,166.6950422,1847719
22-07-2022,164.4977417,167.2943063,164.2979904,166.4952857,1526629
23-07-2022,,,,,
24-07-2022,,,,,
25-07-2022,168.3929749,169.823208,162.6500355,164.4977547,10121654
26-07-2022,170.0908966,171.3893034,168.6926065,170.5902827,2473412
27-07-2022,170.6901245,172.887435,169.4916012,172.2881658,2740564
28-07-2022,158.1056213,172.7875677,150.9144655,172.7875677,8893030
29-07-2022,158.6050262,160.802322,153.511282,158.2055082,4916637
30-07-2022,,,,,
31-07-2022,,,,,
01-08-2022,159.603775,161.3016844,156.8072103,158.8047543,5399783
02-08-2022,159.1044006,161.2018129,156.7073384,159.9034214,5689916
03-08-2022,154.0106659,160.0032989,154.0106659,159.3041615,2761080
04-08-2022,148.9169159,157.8059809,147.8232593,156.9070921,6607184
05-08-2022,152.8121338,153.5112712,147.434742,149.3164314,3524052
06-08-2022,,,,,
07-08-2022,,,,,
08-08-2022,151.9132538,154.4101842,150.3152122,152.8121426,1967375
09-08-2022,154.0106659,154.7098034,151.8133702,154.7098034,2036585
10-08-2022,153.2116241,155.2091682,151.613598,153.8108935,2908946
11-08-2022,145.7208405,151.2140869,144.8219517,150.3151981,6545285
12-08-2022,144.1228027,146.0204634,140.9267354,144.8219401,3149758
13-08-2022,,,,,
14-08-2022,,,,,
15-08-2022,143.3237762,145.8207061,141.1404561,143.8231622,2274093
16-08-2022,145.7208405,146.2202265,141.3262494,141.3262494,2973605
17-08-2022,146.020462,148.517392,144.8219387,146.41998,3008493
18-08-2022,144.1228027,148.7171448,142.1252587,148.7171448,2954707
19-08-2022,141.2263947,144.0229601,141.2263947,142.7245531,2540878
20-08-2022,,,,,
21-08-2022,,,,,
22-08-2022,140.9267273,144.1227945,140.1277067,143.0241392,2302391
23-08-2022,137.0315247,140.3274755,136.5321386,138.13018,2515406
24-08-2022,136.6320343,137.7806162,134.8132711,137.1314204,3182575
25-08-2022,136.2324982,138.2300422,135.7331122,136.6320161,2053088
26-08-2022,135.3336182,137.0315277,134.0352114,136.5321416,3791154
27-08-2022,,,,,
28-08-2022,,,,,
29-08-2022,,,,,
30-08-2022,134.5345917,137.1314051,133.4239576,135.3336124,2550440
31-08-2022,132.1375427,136.7318849,131.7380248,136.7318849,3191252
01-09-2022,131.1387634,131.6381494,129.8403568,129.8403568,2659951
02-09-2022,131.5382843,132.5370564,129.8403748,130.0401261,2596253
03-09-2022,,,,,
04-09-2022,,,,,
05-09-2022,132.3373108,132.5370622,130.2398832,131.53829,1707386
06-09-2022,133.0364532,133.0554271,130.3397714,130.3397714,2562806
07-09-2022,133.9353485,134.234968,131.8339281,133.0364445,12683845
08-09-2022,136.9316559,137.4310419,134.4347257,136.0327519,3679941
09-09-2022,139.4285889,140.427361,136.4322726,136.9316587,3708907
10-09-2022,,,,,
11-09-2022,,,,,
12-09-2022,143.8231812,144.2226839,140.2275955,140.2275955,4206405
13-09-2022,143.5235443,144.9218344,140.2275934,140.2275934,6821546
14-09-2022,138.929184,144.3225464,137.3311427,143.8231604,5730616
15-09-2022,138.8292999,141.2263465,138.4297972,141.2263465,2676857
16-09-2022,135.633255,138.6295713,133.1363247,138.6295713,5632601
17-09-2022,,,,,
18-09-2022,,,,,
19-09-2022,,,,,
20-09-2022,134.8342285,136.4322699,133.1363191,133.1363191,2515414
21-09-2022,138.7294159,139.1289338,134.0351908,134.2349422,8429909
22-09-2022,136.7318878,139.4535478,136.2325018,139.0290666,5096158
23-09-2022,136.4322662,139.2288157,135.4334942,139.2288157,2651795
24-09-2022,,,,,
25-09-2022,,,,,
26-09-2022,138.5296936,139.2987524,136.0327632,137.6308048,7736132
27-09-2022,140.9267273,144.2226625,136.7318729,136.7318729,10622495
28-09-2022,131.2386322,140.9267326,124.8464976,140.9267326,9115008
29-09-2022,128.4420929,133.4459354,126.0450308,132.6369325,5733084
30-09-2022,129.0413361,131.2386314,126.0450201,129.440854,8310025
01-10-2022,,,,,
02-10-2022,,,,,
03-10-2022,133.136322,135.2337343,127.8428269,130.5395085,3467693
04-10-2022,138.0302887,139.128944,133.8354493,134.734338,2944246
05-10-2022,133.2361755,139.6283253,130.2398596,139.6283253,3637270
06-10-2022,131.2386322,135.7331061,130.6393782,135.7331061,2080091
07-10-2022,128.7416992,132.3372844,127.7429349,130.8391264,7102466
08-10-2022,,,,,
09-10-2022,,,,,
10-10-2022,129.2410889,131.4383994,127.4433039,129.5407235,3118224
11-10-2022,127.043808,131.6381657,125.9451602,131.6381657,3705843
12-10-2022,123.6479797,127.7429435,121.7023662,127.7429435,4007812
13-10-2022,125.2460175,126.2597705,121.1510535,121.1510535,4030747
14-10-2022,125.5456314,127.8428099,124.0225103,124.8464941,3154866
15-10-2022,,,,,
16-10-2022,,,,,
17-10-2022,127.5431824,128.7417057,125.345887,127.6430657,5530642
18-10-2022,125.4457703,128.8535755,124.9463842,126.9439284,3446127
19-10-2022,126.0450363,126.2447953,124.1473754,125.5456503,5746130
20-10-2022,125.6455231,128.0425698,123.647979,128.0425698,17246716
21-10-2022,123.6479797,124.6467518,121.4506767,123.5480964,2841432
22-10-2022,,,,,
23-10-2022,,,,,
24-10-2022,124.8465042,126.8440483,123.4032789,125.7454006,2266938
25-10-2022,126.943924,127.6430689,124.8465042,127.6430689,1579721
26-10-2022,126.8440399,127.9426952,124.34711,124.34711,1820312
27-10-2022,107.6676254,126.1449076,107.2681151,126.1449076,11635302
28-10-2022,113.9598923,114.758913,106.4091778,108.1670188,7793311
29-10-2022,,,,,
30-10-2022,,,,,
31-10-2022,112.9611206,116.0573125,111.1633354,116.0573125,9067068
01-11-2022,115.8575592,118.8538754,113.4605047,113.4605047,4812549
02-11-2022,117.9549789,119.0536267,116.1472039,118.1547379,7012097
03-11-2022,117.9549789,120.1522821,116.3539505,119.8526474,12771857
04-11-2022,120.8514175,121.1510522,116.8563294,116.8563294,3224688
05-11-2022,,,,,
06-11-2022,,,,,
07-11-2022,120.5517807,123.5480968,120.152278,123.5480968,2630425
08-11-2022,120.4519043,122.2856483,119.4531323,122.049938,2231067
09-11-2022,119.3532639,121.8372095,119.1135607,120.6516706,2120157
10-11-2022,119.7746201,119.7746201,114.6280072,117.4770222,5540908
11-11-2022,119.8745193,120.7735798,116.7777625,116.9775503,4053427
12-11-2022,,,,,
13-11-2022,,,,,
14-11-2022,118.8755646,122.1721169,118.8755646,120.7735793,2381092
15-11-2022,116.877655,120.1742073,115.4791175,120.1742073,3923759
16-11-2022,116.0784912,118.7756725,114.280378,117.8766121,2519755
17-11-2022,116.1783752,116.8776401,113.9806715,115.8786859,2666389
18-11-2022,118.8755646,119.6747311,116.8776559,118.4759813,1776797
19-11-2022,,,,,
20-11-2022,,,,,
21-11-2022,119.6747284,120.7735766,117.8766076,118.775668,1497653
22-11-2022,115.479126,119.0753603,114.9796488,119.0753603,13526885
23-11-2022,117.1773453,117.9765042,114.5800579,115.8787016,2227127
24-11-2022,120.4738846,120.4738846,116.9775446,117.17734,2417300
25-11-2022,122.1721191,122.1721191,119.1752561,119.974415,3894867
26-11-2022,,,,,
27-11-2022,,,,,
28-11-2022,120.6736832,124.0701217,119.7746228,124.0701217,3075767
29-11-2022,124.0701294,124.6195573,120.6736906,123.3708644,2790047
30-11-2022,123.1710739,124.7973699,120.8734759,123.8703389,3037445
01-12-2022,123.3708572,124.3198608,121.1731608,123.9702283,1496646
02-12-2022,121.6726303,123.7704327,120.9733578,123.7704327,2426802
03-12-2022,,,,,
04-12-2022,,,,,
05-12-2022,122.2720108,123.7704423,120.9733671,122.6715941,1775566
06-12-2022,121.1731644,123.7824326,119.5109029,122.4718004,2951308
07-12-2022,121.0732651,121.9723255,120.3740001,121.1731666,1788593
08-12-2022,116.6778641,120.6736812,116.194369,120.274098,3505846
09-12-2022,117.8766098,118.1762991,116.078489,117.0774433,2123299
10-12-2022,,,,,
11-12-2022,,,,,
12-12-2022,116.9775543,117.3321865,113.7489316,117.0774482,2565218
13-12-2022,117.2772369,119.6747288,116.7777598,117.6768202,3172153
14-12-2022,113.780899,117.1773453,113.780899,116.777762,2281223
15-12-2022,110.8839264,113.8008711,109.4853889,113.5810999,3025883
16-12-2022,109.78508,111.8828825,108.7261832,110.9838221,6176078
17-12-2022,,,,,
18-12-2022,,,,,
19-12-2022,112.8818359,113.0816237,109.1737196,109.6851852,2434768
20-12-2022,110.3844452,114.6799515,109.8310237,114.6799515,1459196
21-12-2022,112.482254,112.5821479,109.9848682,110.0847622,2031911
22-12-2022,111.2835083,113.0816214,110.3165182,112.8818336,2020136
23-12-2022,112.6820526,112.6820526,110.4843485,111.6830983,3202637
24-12-2022,,,,,
25-12-2022,,,,,
26-12-2022,,,,,
27-12-2022,,,,,
28-12-2022,110.8839264,113.9806832,110.8839264,113.0816228,3228412
29-12-2022,113.780899,113.9806869,109.7511131,111.3834071,2023768
30-12-2022,111.6830978,112.88184,110.4843481,112.6820522,1443319
31-12-2022,,,,,
01-01-2023,,,,,
02-01-2023,,,,,
03-01-2023,114.1804733,115.3422515,111.1836106,112.8818298,3052180
04-01-2023,118.5758743,118.5758743,114.0885748,115.7788068,1877549
05-01-2023,117.7767181,118.4619978,116.3781805,116.6778699,2047862
06-01-2023,118.1762924,119.5748223,117.8766031,119.1752467,3113653
07-01-2023,,,,,
08-01-2023,,,,,
09-01-2023,114.3802643,118.2751891,112.781939,117.8766042,4032209
10-01-2023,110.3844452,114.4801561,108.7861199,114.0805729,4222215
11-01-2023,110.7840347,112.1016557,109.6851865,110.5842393,3458279
12-01-2023,114.0805817,114.2803771,110.3844537,111.4833019,13207974
13-01-2023,118.1762924,118.2761863,114.2803693,114.7798464,4550946
14-01-2023,,,,,
15-01-2023,,,,,
16-01-2023,119.2751465,119.2751465,116.3781775,118.1762983,2412619
17-01-2023,118.0764008,119.6747338,117.3771358,119.3750445,3311508
18-01-2023,116.5779648,118.2761917,115.1794348,117.8766084,3725417
19-01-2023,112.2824631,116.9775452,111.9827737,116.8776513,2563168
20-01-2023,115.2793274,115.4791152,112.9817295,113.4812066,3626392
21-01-2023,,,,,
22-01-2023,,,,,
23-01-2023,114.6799622,116.4780754,113.2814245,115.9785982,1946789
24-01-2023,115.6789093,116.9775453,114.0805763,116.9775453,2392885
25-01-2023,115.3792267,115.8787039,113.8807952,115.8787039,1497284
26-01-2023,115.9786072,118.2762054,115.7788193,116.4780844,3444887
27-01-2023,118.1762924,118.3760802,115.4791113,116.3781717,3784942
28-01-2023,,,,,
29-01-2023,,,,,
30-01-2023,116.9775543,118.1763041,116.1284446,118.1763041,2891464
31-01-2023,117.0774384,117.5769155,114.0805755,116.9775445,3962918
01-02-2023,116.1783752,118.1762836,116.1783752,117.8765943,2963228
02-02-2023,111.0837173,116.8776555,105.4895747,116.6778676,15333648
03-02-2023,113.2814178,113.3813118,109.7850778,111.6830925,5854397
04-02-2023,,,,,
05-02-2023,,,,,
06-02-2023,117.2772369,117.2772369,111.9827761,113.0816243,4926127
07-02-2023,120.9733658,120.9733658,117.177344,117.6768211,5475202
08-02-2023,121.8724289,122.5567102,120.5278357,121.3729517,4841686
09-02-2023,121.9723206,122.6715932,120.3739952,121.8724266,3479400
10-02-2023,122.1721191,122.6715963,120.7735815,122.1721191,2410031
11-02-2023,,,,,
12-02-2023,,,,,
13-02-2023,123.6705399,123.6705399,121.4728359,121.972313,1945491
14-02-2023,126.3677216,128.0659409,123.4707525,124.1700251,3029506
15-02-2023,126.5675049,126.9670881,125.8682399,126.6674064,2407010
16-02-2023,128.5654144,129.8640581,126.0680287,126.0680287,3219241
17-02-2023,128.3656311,129.9639641,126.3677224,127.8661539,4669042
18-02-2023,,,,,
19-02-2023,,,,,
20-02-2023,125.5685501,130.2636322,125.5685501,127.9660495,7581650
21-02-2023,124.6695023,126.3677216,123.5706464,126.2678276,3244273
22-02-2023,122.8713837,124.0701258,120.873475,123.2709669,2570051
23-02-2023,121.6726303,123.7954081,121.1731532,123.3708495,6037247
24-02-2023,123.4707489,123.7534577,120.9733632,120.9733632,3163284
25-02-2023,,,,,
26-02-2023,,,,,
27-02-2023,121.472847,124.5696039,119.9744155,123.8703389,1960673
28-02-2023,120.4738846,121.5727328,119.1752486,120.67368,3321749
01-03-2023,120.2740936,121.173154,119.3750333,120.2740936,2153323
02-03-2023,120.2740936,121.8724189,119.075344,121.8724189,1760739
03-03-2023,121.472847,122.4718013,119.9744155,119.9744155,2022773
04-03-2023,,,,,
05-03-2023,,,,,
06-03-2023,125.0690765,126.2728183,121.3729486,121.9723197,2059137
07-03-2023,123.3708572,125.9681369,123.3708572,124.9691826,5561466
08-03-2023,123.2709732,123.8703443,119.9744207,123.6705565,1608510
09-03-2023,123.7704468,124.269924,122.0722198,123.6705529,1263498
10-03-2023,120.3739929,123.171068,118.6757737,123.171068,3193833
11-03-2023,,,,,
12-03-2023,,,,,
13-03-2023,113.780899,120.1742082,113.181528,118.7756707,4575379
14-03-2023,113.9806824,114.2803717,111.2835089,113.6810007,3736084
15-03-2023,108.2866516,114.9796426,108.2866516,114.6799609,7419190
16-03-2023,109.9848709,111.3834085,107.8870683,107.8870683,3148959
17-03-2023,107.4874878,111.8828885,107.4874878,110.384457,6119230
18-03-2023,,,,,
19-03-2023,,,,,
20-03-2023,109.78508,110.2845571,103.9831547,107.2876942,3510534
21-03-2023,109.5852814,110.5842357,108.5863271,109.0858042,3669424
22-03-2023,106.7882156,109.4953809,106.5884202,107.8870638,3353988
23-03-2023,105.9890518,107.4874833,105.4895747,107.4874833,3253409
24-03-2023,104.4906158,105.8891534,104.0910326,105.8891534,2075443
25-03-2023,,,,,
26-03-2023,,,,,
27-03-2023,105.5894699,106.9880075,105.1898943,105.5894699,2035716
28-03-2023,105.0899963,106.8881172,104.7903146,106.8881172,2588824
29-03-2023,106.7882156,106.9880034,104.190936,104.890201,3723449
30-03-2023,107.7871704,108.5943241,106.5884207,108.2866476,1966452
31-03-2023,106.3886337,108.1867545,105.7892627,107.9869591,2844572
01-04-2023,,,,,
02-04-2023,,,,,
03-04-2023,105.3896866,107.1688226,105.3896866,106.7882242,2156894
04-04-2023,104.3907242,107.2876932,104.1909364,107.2876932,4110593
05-04-2023,105.1898956,105.8891606,104.490623,105.8891606,1975058
06-04-2023,106.5884247,106.5884247,104.4906221,104.4906221,1738596
07-04-2023,,,,,
08-04-2023,,,,,
09-04-2023,,,,,
10-04-2023,,,,,
11-04-2023,108.4864426,109.385503,106.8891155,107.7871776,2146958
12-04-2023,108.8860168,110.0847589,107.5873732,108.8860168,2160153
13-04-2023,108.2866516,109.7850831,107.3875912,109.5852877,1794689
14-04-2023,109.5852814,110.0847585,107.5873728,108.5863271,4080935
15-04-2023,,,,,
16-04-2023,,,,,
17-04-2023,111.6830978,111.8828857,109.3854998,111.5831963,1397762
18-04-2023,110.1846619,111.7829872,109.8849725,111.5831918,934674
19-04-2023,108.9859085,110.4843399,108.5863253,109.8849689,1337170
20-04-2023,107.3875961,110.2845654,106.8881189,110.2845654,1753440
21-04-2023,108.4864426,109.0858137,106.288746,107.3875943,2430430
22-04-2023,,,,,
23-04-2023,,,,,
24-04-2023,110.1846619,110.1846619,107.3875868,110.0847603,1800891
25-04-2023,111.1836166,111.1836166,108.4864355,109.2856019,2966924
26-04-2023,114.5800629,114.9416839,110.3844576,111.8828891,3297126
27-04-2023,117.2772369,117.2772369,112.8818365,112.8818365,5567636
28-04-2023,119.974411,120.2741004,116.6778664,116.6778664,4289992
29-04-2023,,,,,
30-04-2023,,,,,
01-05-2023,,,,,
02-05-2023,119.4749374,121.4728461,119.2751496,120.5737857,5212655
03-05-2023,120.2740936,120.5737753,117.1213958,117.177337,1719962
04-05-2023,118.3760834,120.373992,117.8766062,117.8766062,4974520
05-05-2023,119.7746201,120.5737789,118.7756658,118.8755597,2379185
06-05-2023,,,,,
07-05-2023,,,,,
08-05-2023,,,,,
09-05-2023,118.8755646,120.47389,118.7756707,118.9754585,1978979
10-05-2023,117.8766098,119.920468,116.3781783,119.7746245,2972006
11-05-2023,111.5831909,117.177341,107.387586,115.7788035,7720392
12-05-2023,114.9796295,115.4791066,110.4843355,110.9838126,4165159
13-05-2023,,,,,
14-05-2023,,,,,
15-05-2023,115.8787003,118.8755632,113.5811023,115.8787003,2023058
16-05-2023,115.7788086,116.5779675,114.1804832,115.8787025,2968784
17-05-2023,113.3813248,116.1784001,112.7819537,114.8797564,3375176
18-05-2023,115.2793274,116.3781756,112.6820477,113.4812066,3105907
19-05-2023,115.8787003,116.2782835,114.0496136,115.2793292,1737029
20-05-2023,,,,,
21-05-2023,,,,,
22-05-2023,116.1783752,118.1762836,115.0795195,118.1762836,1866624
23-05-2023,117.0774384,118.0763926,115.3792191,116.9775445,2024442
24-05-2023,117.4770355,117.7767249,116.2782933,117.2772477,4381041
25-05-2023,117.6768188,118.3760838,116.7777585,118.0763945,2392000
26-05-2023,118.7756729,118.7756729,115.7788099,117.8766125,2250518
27-05-2023,,,,,
28-05-2023,,,,,
29-05-2023,,,,,
30-05-2023,119.2751465,120.2741008,118.3141544,119.2751465,3490432
31-05-2023,119.0753479,119.8745144,117.9764997,118.8755601,5350093
01-06-2023,121.1731644,121.1731644,118.0763998,119.0753542,3496569
02-06-2023,122.5716858,124.3698065,120.7735727,121.2730498,3537600
03-06-2023,,,,,
04-06-2023,,,,,
05-06-2023,124.5695953,126.1679283,122.6715883,123.6705426,2431058
06-06-2023,125.9681396,125.9681396,123.970231,124.3698142,2245771
07-06-2023,126.6674118,127.0969625,122.7714884,126.8671996,1930931
08-06-2023,127.8661499,128.3656271,125.8682413,127.2667788,3892020
09-06-2023,127.9660416,129.6642607,126.5674965,129.6642607,3804770
10-06-2023,,,,,
11-06-2023,,,,,
12-06-2023,131.1627197,131.8619848,128.0659549,128.8651215,2945330
13-06-2023,132.2615509,133.2605053,129.8640665,132.0617631,3463508
14-06-2023,133.5601807,135.6579907,131.2625828,131.961863,4293039
15-06-2023,129.264679,134.0886392,126.3677176,131.3624891,3305020
16-06-2023,124.6695023,130.3635388,124.4697068,127.866153,11729530
17-06-2023,,,,,
18-06-2023,,,,,
19-06-2023,123.3708572,124.3698115,121.2730547,123.9702283,2610542
20-06-2023,121.572731,122.8713746,120.0742996,122.8713746,3377428
21-06-2023,119.2751465,121.6726384,117.776715,121.6726384,4490143
22-06-2023,113.1126022,116.890689,109.3615027,115.8105223,5465484
23-06-2023,111.8136139,113.6122197,110.0150005,112.9127632,2688004
24-06-2023,,,,,
25-06-2023,,,,,
26-06-2023,111.0142212,111.8136066,108.6160726,111.8136066,4380757
27-06-2023,111.9135361,112.0134573,108.8159308,108.8159308,4523047
28-06-2023,111.114151,112.7129219,111.114151,112.4131505,16821603
29-06-2023,110.1149216,111.8136137,109.0157723,111.8136137,2599691
30-06-2023,107.716774,109.9150724,106.4177746,109.9150724,3613661
01-07-2023,,,,,
02-07-2023,,,,,
03-07-2023,108.3163147,109.2156214,107.6168505,108.91585,3456792
04-07-2023,107.6168442,109.215615,106.1849519,109.215615,2321797
05-07-2023,105.9181671,107.4170091,105.0188604,107.1172377,3532075
06-07-2023,103.9197159,106.2179434,103.1203304,105.918172,5843598
07-07-2023,103.6199341,103.9197055,102.1210922,103.9197055,3023642
08-07-2023,,,,,
09-07-2023,,,,,
10-07-2023,104.8190155,105.3186295,104.0196301,104.8190155,3931825
11-07-2023,105.2187119,105.7183259,104.2194838,104.9189404,3493224
12-07-2023,105.2187119,106.0180897,104.5192477,105.118783,3130677
13-07-2023,105.8182373,106.21793,104.6191592,105.1187732,2393543
14-07-2023,106.1180115,107.1172395,106.0180902,107.1172395,1795038
15-07-2023,,,,,
16-07-2023,,,,,
17-07-2023,104.4193268,107.3230816,104.4193268,106.1180113,2576431
18-07-2023,103.9197159,104.9189439,102.5207951,104.9189439,3083567
19-07-2023,107.716774,108.1164591,104.51924,104.9189327,4957794
20-07-2023,108.9158478,110.7144612,108.2163913,109.015769,2374696
21-07-2023,108.8159332,109.9150825,108.4162405,109.1156971,1888617
22-07-2023,,,,,
23-07-2023,,,,,
24-07-2023,110.4146881,110.5146094,108.1164608,109.4154602,2135598
25-07-2023,109.815155,110.6175365,107.9166204,109.4154623,3650116
26-07-2023,109.6153107,111.2140816,108.5161614,111.2140816,1485859
27-07-2023,113.512291,115.6106681,109.0157653,111.1141424,4843884
28-07-2023,117.10952,117.10952,110.1189262,112.4131514,6471615
29-07-2023,,,,,
30-07-2023,,,,,
31-07-2023,116.5099792,117.2094434,115.0111373,115.1110586,2104220
01-08-2023,115.9104462,118.6083587,115.2109896,118.6083587,3278650
02-08-2023,113.9119873,115.5107505,112.8408163,114.6114438,2167270
03-08-2023,113.8120728,115.3109148,112.2133095,115.3109148,1870742
04-08-2023,114.3116837,114.4116049,111.913535,114.2117624,2585938
05-08-2023,,,,,
06-08-2023,,,,,
07-08-2023,115.7106018,115.7106018,113.4123744,114.0119097,1327855
08-08-2023,114.1118317,115.6106736,113.3124539,114.7113745,2212858
09-08-2023,114.6114502,115.2109931,113.3124584,114.0119149,1836626
10-08-2023,115.4108353,115.7106067,113.6122218,114.8113,1608802
11-08-2023,115.5107574,116.5099855,114.3116869,114.8113009,3740488
12-08-2023,,,,,
13-08-2023,,,,,
14-08-2023,118.9081268,119.7075122,114.411601,115.1110575,2299154
15-08-2023,116.9096756,119.6075881,116.4100616,118.9081316,1708504
16-08-2023,115.2109909,117.0095967,114.9112195,116.4100615,1872614
17-08-2023,113.6122131,117.6091249,113.1125992,117.6091249,1916646
18-08-2023,108.6160812,113.6122213,107.516932,113.2125362,3795830
19-08-2023,,,,,
20-08-2023,,,,,
21-08-2023,107.5169296,109.9150783,107.1172369,108.8159291,1688882
22-08-2023,107.1172409,109.5153897,107.0173196,108.6160829,1800960
23-08-2023,108.6160812,109.4154667,106.4177827,107.1172392,1366536
24-08-2023,109.6153107,111.5138454,109.0157754,110.7144676,1356357
25-08-2023,110.8143845,112.3132264,109.3155425,111.014227,1487823
26-08-2023,,,,,
27-08-2023,,,,,
28-08-2023,,,,,
29-08-2023,115.1110611,115.1110611,111.4139206,111.4139206,2010166
30-08-2023,114.4115982,117.0095893,114.4115982,117.0095893,1696210
31-08-2023,113.9119873,115.810522,113.9119873,115.2109867,1947610
01-09-2023,114.9112167,115.7106022,114.1118313,114.1118313,1362105
02-09-2023,,,,,
03-09-2023,,,,,
04-09-2023,113.9119873,116.5099785,113.9119873,116.5099785,1395451
05-09-2023,114.2117615,115.410832,113.2125335,113.5122973,1196287
06-09-2023,115.610672,116.3101361,113.5122948,113.9119875,1321482
07-09-2023,113.212532,115.8105232,112.8887771,115.210988,1221097
08-09-2023,112.413147,113.4123749,111.0142263,112.912761,1673458
09-09-2023,,,,,
10-09-2023,,,,,
11-09-2023,114.0119095,114.210761,112.637971,112.9127602,3468933
12-09-2023,117.908905,117.908905,113.8120717,114.3116857,3197854
13-09-2023,118.6083603,118.9081317,116.0113677,118.7082892,2964818
14-09-2023,126.2024994,126.3024207,117.6091325,118.8082107,6409489
15-09-2023,129.499939,129.499939,126.6121634,126.9019404,10704140
16-09-2023,,,,,
17-09-2023,,,,,
18-09-2023,124.8035736,129.4000207,124.0041882,128.8004778,3648949
19-09-2023,126.4023438,126.4023438,124.1041163,124.503809,2202303
20-09-2023,128.3008575,128.7005579,124.3039535,124.3039535,5056796
21-09-2023,127.1017914,128.6006333,126.1025634,128.0011057,3257285
22-09-2023,127.4015732,128.7005727,124.9035031,124.9035031,5798213
23-09-2023,,,,,
24-09-2023,,,,,
25-09-2023,127.301651,127.5014936,125.802809,127.4015723,1816138
26-09-2023,126.901947,127.8012537,125.7028766,127.5014823,1811919
27-09-2023,124.3039551,126.8020249,123.4046484,124.9034903,1924515
28-09-2023,125.602951,126.102565,122.2055821,123.0049599,2262488
29-09-2023,125.5030441,127.3016577,124.5038161,127.3016577,3442276
30-09-2023,,,,,
01-10-2023,,,,,
02-10-2023,123.8043518,126.9009584,122.6052736,122.6052736,2714420
03-10-2023,121.7059631,125.9027173,120.3070425,125.9027173,2102027
04-10-2023,120.2071304,121.8058937,119.1079735,119.3078237,2227936
05-10-2023,119.5076675,120.5068955,118.0018348,118.9081323,1877168
06-10-2023,121.6060333,122.2055762,119.0080423,119.6075775,1541387
07-10-2023,,,,,
08-10-2023,,,,,
09-10-2023,119.008049,121.9058116,118.3085925,119.1079703,1769599
10-10-2023,120.0072861,121.4062069,119.4077508,121.4062069,3015228
11-10-2023,120.5068893,121.1064246,118.4085122,119.9073541,1991824
12-10-2023,120.4069672,122.1056516,120.4069672,121.7059665,2240073
13-10-2023,118.1087494,122.1056615,118.1087494,122.1056615,2291366
14-10-2023,,,,,
15-10-2023,,,,,
16-10-2023,116.4100571,119.2188839,115.9104431,118.8082057,2018722
17-10-2023,117.4092941,117.7090656,116.0103734,116.7098376,1805117
18-10-2023,117.0095978,118.4085185,116.3101412,117.0095978,2018850
19-10-2023,114.3116837,119.3078236,113.9119909,117.8089816,2017108
20-10-2023,111.9135361,114.1118346,111.3140008,114.1118346,2737712
21-10-2023,,,,,
22-10-2023,,,,,
23-10-2023,111.9135361,113.7121495,110.3147728,112.9127641,1625376
24-10-2023,114.6114502,116.9096777,112.3132303,113.2125371,2596769
25-10-2023,112.9127579,115.1110563,111.5138372,113.0126791,2079047
26-10-2023,110.1149216,113.1126055,109.590333,111.913535,1852641
27-10-2023,109.7152328,111.7136888,108.5161547,110.1149179,1517064
28-10-2023,,,,,
29-10-2023,,,,,
30-10-2023,114.8113022,120.0072849,110.4146973,115.111066,5400307
31-10-2023,113.212532,115.9104445,109.1156913,113.3124533,3636323
01-11-2023,117.10952,118.6073633,113.3124581,115.3109141,3045737
02-11-2023,117.908905,118.908133,115.3109137,115.3109137,1273629
03-11-2023,118.2086639,119.3078131,116.2102081,117.70905,2072290
04-11-2023,,,,,
05-11-2023,,,,,
06-11-2023,116.2102051,120.0072664,115.7845315,119.9073452,4925826
07-11-2023,114.9112167,116.2102161,114.3116815,115.7106022,2875069
08-11-2023,114.9112167,115.7265887,113.2864726,114.2117602,3338680
09-11-2023,114.6308746,115.4303956,110.733231,114.131176,1858537
10-11-2023,113.4316025,115.7302195,112.4322051,115.7302195,1553666
11-11-2023,,,,,
12-11-2023,,,,,
13-11-2023,113.6314774,114.3310601,112.4322036,113.0318405,1699485
14-11-2023,114.1311874,115.1305849,111.7066543,114.5309479,2637904
15-11-2023,113.0318451,116.529736,111.732633,114.5309412,1955881
16-11-2023,112.6320801,114.4309984,112.0324432,112.8429591,1428759
17-11-2023,113.8313675,114.4310044,112.5321478,112.5321478,1651530
18-11-2023,,,,,
19-11-2023,,,,,
20-11-2023,112.9319077,115.5303394,111.033051,114.2311273,2069427
21-11-2023,112.4322052,114.8307604,111.8325683,114.0312395,2533907
22-11-2023,111.9325104,113.4316065,111.6326881,113.4316065,1726703
23-11-2023,112.2323303,112.532145,111.3328711,111.8325698,2359076
24-11-2023,112.2323303,114.9307002,110.9331107,112.9319054,2219887
25-11-2023,,,,,
26-11-2023,,,,,
27-11-2023,113.0318451,113.9313043,111.2329343,113.631482,1795281
28-11-2023,112.3322601,112.7320206,111.1329788,111.9324997,1966753
29-11-2023,111.7326279,112.2323265,111.3328674,111.9325043,993853
30-11-2023,109.4340134,113.2317265,109.4340134,111.9325068,4703534
01-12-2023,111.4328079,112.7320276,109.0342527,110.833171,3474430
02-12-2023,,,,,
03-12-2023,,,,,
04-12-2023,109.4340134,112.7320278,109.0342529,112.032445,2145611
05-12-2023,111.232933,112.4322069,109.0342542,109.1341924,1670610
06-12-2023,111.8325729,112.9319086,111.3328742,111.8325729,1605450
07-12-2023,113.0318451,113.1317833,110.9331121,112.33227,2452576
08-12-2023,115.9300995,117.1293733,112.831969,113.431606,3919101
09-12-2023,,,,,
10-12-2023,,,,,
11-12-2023,115.730217,117.4291894,114.2081322,115.9300934,1564843
12-12-2023,114.7308273,117.4291973,113.8313681,115.9301012,2140675
13-12-2023,115.2305222,116.0300355,114.5049541,115.630275,1839368
14-12-2023,120.4273834,120.4273834,115.630273,116.0300335,2843699
15-12-2023,121.7266083,123.0258203,119.9276899,120.2275122,6951343
16-12-2023,,,,,
17-12-2023,,,,,
18-12-2023,124.9246674,124.9246674,120.373411,121.1269544,4043711
19-12-2023,127.5231094,127.5231094,123.1257593,123.1257593,2880130
20-12-2023,129.7217712,130.4213463,127.8229149,129.9216476,3153581
21-12-2023,127.6230392,130.7211771,126.8235259,129.3220117,2323945
22-12-2023,129.4219513,130.2214722,127.4231567,130.2214722,883858
23-12-2023,,,,,
24-12-2023,,,,,
25-12-2023,,,,,
26-12-2023,,,,,
27-12-2023,129.7217712,130.6212227,128.6224281,129.6218254,1913081
28-12-2023,129.3220215,130.5213106,128.4225699,129.7217896,1169103
29-12-2023,130.1215363,131.1209336,129.3220153,129.821714,735075
30-12-2023,,,,,
31-12-2023,,,,,
01-01-2024,,,,,
02-01-2024,129.6218414,131.7205821,129.421965,129.9216637,1822246
03-01-2024,128.4225769,130.5213177,127.5231176,128.4225769,1783161
04-01-2024,127.7229919,129.1221422,127.3232315,128.5225129,1444594
05-01-2024,125.9240723,126.9234697,124.325038,126.6236474,1622826
06-01-2024,,,,,
07-01-2024,,,,,
08-01-2024,128.0228119,128.0228119,124.6648284,126.1239477,1302499
09-01-2024,129.3220215,131.4207622,127.7229947,130.1215425,2090859
10-01-2024,129.7217712,130.5212921,128.2226753,129.1221268,1647375
11-01-2024,129.6218414,132.4201572,129.1221427,131.8205127,1899157
12-01-2024,131.5207062,131.5207062,127.9228694,128.6224445,1950560
13-01-2024,,,,,
14-01-2024,,,,,
15-01-2024,130.4213715,132.3202206,129.8217269,132.1903093,1328596
16-01-2024,128.6224365,130.5213006,127.8229232,129.6218339,1994438
17-01-2024,126.6236496,127.8229311,124.5249165,127.8229311,2433285
18-01-2024,127.2232895,129.3220148,126.1239463,129.3220148,1702273
19-01-2024,126.6236496,129.4219654,126.5237114,129.4219654,1405164
20-01-2024,,,,,
21-01-2024,,,,,
22-01-2024,127.3232269,128.8223154,126.72359,127.9228638,2853607
23-01-2024,125.2244949,128.4225635,125.2244949,127.9228648,4491042
24-01-2024,124.8247452,125.8241426,123.6254636,125.2245057,1395909
25-01-2024,123.3256378,124.8247339,122.7260009,124.0252129,1727504
26-01-2024,125.3244324,126.1239457,123.2256994,123.7253981,2443012
27-01-2024,,,,,
28-01-2024,,,,,
29-01-2024,120.4273834,125.124548,119.9276847,124.7247952,1992170
30-01-2024,114.2311249,122.8259409,114.2311249,122.8259409,4107819
31-01-2024,112.1323929,115.2305311,109.9337215,114.1311878,5346700
01-02-2024,110.7332382,117.9288967,110.7332382,112.9319095,4318485
02-02-2024,111.3328705,113.031843,110.8331718,112.5321443,3643855
03-02-2024,,,,,
04-02-2024,,,,,
05-02-2024,106.4358215,111.232932,106.4358215,110.7332333,5898503
06-02-2024,106.935524,107.2353463,104.3370922,106.0360648,5242479
07-02-2024,105.2365494,107.3352824,105.2365494,106.8355837,3979961
08-02-2024,103.8373871,106.1359964,103.8373871,105.93612,3390847
09-02-2024,102.1384048,104.2371454,102.1384048,103.9373231,3927810
10-02-2024,,,,,
11-02-2024,,,,,
12-02-2024,102.6381149,103.1378137,101.5387793,101.9385398,5542753
13-02-2024,98.64051819,102.3382931,98.29073063,101.6387103,3617090
14-02-2024,100.6393204,101.6387178,98.34071081,98.34071081,4179424
15-02-2024,99.44004822,100.8392062,99.29013707,100.8392062,3002025
16-02-2024,96.24197388,99.73986482,95.88718444,99.19019319,4679200
17-02-2024,,,,,
18-02-2024,,,,,
19-02-2024,95.84220886,95.94214707,94.49302394,95.94214707,2899960
20-02-2024,93.69350433,94.94275106,90.14564059,94.94275106,10033481
21-02-2024,94.04329681,94.14323503,91.7446873,93.79344746,4283851
22-02-2024,93.19380951,95.24257727,93.14383659,93.14383659,6471770
23-02-2024,94.79283905,94.79283905,91.19501004,93.64353055,3442206
24-02-2024,,,,,
25-02-2024,,,,,
26-02-2024,94.74288177,95.54239516,93.39368911,94.64293593,2434449
27-02-2024,94.69290924,95.14263505,92.79405254,93.19381305,1905229
28-02-2024,94.19319916,95.79223337,93.64352757,95.09265829,2083869
29-02-2024,94.79283905,95.74227113,93.79344168,94.84281197,5069524
01-03-2024,97.09145355,97.64111752,95.15162142,95.3425082,5555874
02-03-2024,,,,,
03-03-2024,,,,,
04-03-2024,96.34191132,98.09085677,96.14202726,97.49121986,3517580
05-03-2024,96.44184875,97.04148567,95.64232779,96.64172518,2536782
06-03-2024,96.94154358,99.0402765,96.4418449,96.74166716,3584135
07-03-2024,94.34311676,97.24137077,94.34311676,97.24137077,3950858
08-03-2024,95.69229889,95.79523365,92.79404497,95.04268907,4286290
09-03-2024,,,,,
10-03-2024,,,,,
11-03-2024,93.7934494,95.89218253,93.69351118,94.99273092,2523361
12-03-2024,94.99272156,97.64111845,94.74287222,94.79283751,2960477
13-03-2024,93.89337921,96.84160601,93.64352987,94.74287307,5418756
14-03-2024,93.29374695,94.34311728,92.64413711,94.34311728,3040758
15-03-2024,94.29314423,95.04269228,93.29374681,93.29374681,6847646
16-03-2024,,,,,
17-03-2024,,,,,
18-03-2024,94.39308167,94.94275329,93.44365718,94.94275329,2415509
19-03-2024,90.64533997,94.24317666,90.64533997,94.24317666,7420767
20-03-2024,92.993927,93.44365276,90.74528295,90.89518646,2748347
21-03-2024,97.69109344,98.39066856,94.54299019,94.94275066,4284794
22-03-2024,99.83979797,99.83979797,96.89157118,97.09145523,4235715
23-03-2024,,,,,
24-03-2024,,,,,
25-03-2024,101.1390152,102.0884473,99.83980314,99.83980314,5190210
26-03-2024,102.6381149,103.3376977,99.88977195,100.3395054,4885305
27-03-2024,104.7368546,105.736252,101.8386005,102.5381756,5934938
28-03-2024,105.7362518,109.0342588,104.1372098,105.636306,5790703
29-03-2024,,,,,
30-03-2024,,,,,
31-03-2024,,,,,
01-04-2024,,,,,
02-04-2024,104.7368546,106.8355876,103.7374571,105.5363679,5643625
03-04-2024,105.1366043,106.4458201,104.1372069,104.1372069,2606158
04-04-2024,105.7362518,106.5487579,103.7014755,104.0372716,4330994
05-04-2024,103.2377548,105.1366038,103.137809,104.3370904,4263251
06-04-2024,,,,,
07-04-2024,,,,,
08-04-2024,106.1360016,106.2349486,102.338296,102.338296,3499658
09-04-2024,105.0366592,106.7356393,104.936721,105.736242,2891097
10-04-2024,106.1360016,108.5345569,105.5363647,107.4352213,3492593
11-04-2024,105.9361267,107.4352228,105.2365516,106.3358872,3785549
12-04-2024,105.6362991,107.8349779,105.6362991,106.7356423,3033964
13-04-2024,,,,,
14-04-2024,,,,,
15-04-2024,104.836792,106.5677506,104.5369697,106.4358264,2661205
16-04-2024,103.3376923,104.6369043,102.2383567,102.2383567,3531582
17-04-2024,104.5369644,105.3364854,101.9385328,101.9385328,3527281
18-04-2024,106.7356491,107.2353478,104.8367925,105.0366689,2182009
19-04-2024,107.7350464,108.634498,106.8355872,107.5351623,2256711
20-04-2024,,,,,
21-04-2024,,,,,
22-04-2024,108.9343185,109.8337777,108.6344963,109.8337777,6351450
23-04-2024,109.7338333,110.1335862,108.635489,109.9337097,3004619
24-04-2024,108.9343185,110.6332911,108.8343803,109.6338937,2479097
25-04-2024,108.4346161,110.3574603,107.4352187,107.8349792,2883974
26-04-2024,109.7338333,109.8337715,108.6344901,109.2341346,3405796
27-04-2024,,,,,
28-04-2024,,,,,
29-04-2024,112.0324478,112.0324478,109.7338384,109.7338384,2636377
30-04-2024,110.8331757,112.7320323,109.8337782,112.0324495,3419084
01-05-2024,111.8325729,113.7314296,111.5327507,113.931306,1818046
02-05-2024,112.7320328,114.1311831,112.1323882,112.4322105,2367004
03-05-2024,113.9313049,116.3298602,113.2956866,114.6308801,2729484
04-05-2024,,,,,
05-05-2024,,,,,
06-05-2024,,,,,
07-05-2024,115.830162,117.22932,114.5309424,116.0300385,2184653
08-05-2024,,,,,
